,midi_name,game_name,key_signature,harmonic_reduction
0,lastravaganza.mid,../Data/Baroque/Antonio Vivaldi/lastravaganza.mid,B- major,"['I53', 'I53', 'I53', 'V64', 'V53', 'V53', 'II6', 'iii65', '#iv65', 'V65', 'i', 'V64', 'iv', 'v', 'iv', 'v', 'i', 'i', 'V', 'I53', 'I53', 'I53', 'i', 'i', 'ii', 'ii', 'iii', 'iii', 'IV6', 'iii6', 'ii6', 'I6', 'II7', 'II42', 'V53', 'V53', 'V53', 'II53', '#iv64', 'iii', 'IV42', 'V42', 'vi42', 'VII64', 'VII42', 'VII', 'iii53', 'iii53', 'VII64', 'VII64', 'I6', 'vii6', 'vi6', 'V6', 'IV6', 'V7', 'iv53', 'i', 'ii', 'vii42', 'V42', 'I', 'I', 'iv42', 'iv42', 'I', 'I53', 'I53', 'iii42', 'V', 'v7', 'i43', 'V', '#ii', 'v', '#ii', 'v7', 'i', 'I6', 'I53', 'V64', 'iv', 'v', 'iv', 'v', 'i', 'i', 'V']"
1,spring.mid,../Data/Baroque/Antonio Vivaldi/spring.mid,E major,"['I53', 'i', 'I', 'I53', 'i', 'I53', 'I', 'I53', 'I', 'i', 'i', 'I', 'I53', 'IV42', 'IV42', 'IV42', 'IV42', 'I', 'I53', 'I', 'ii42', 'I', 'IV42', 'IV42', 'I', 'ii42', 'ii42', 'I53', 'I53', 'I', 'I64', 'I53', 'vi', 'bi', 'I', 'I64', 'i', 'iii', 'iii', 'iii', 'v', 'v', 'v', 'v', 'v', 'v', 'v42', 'v42', 'bv', 'bi', 'vi', 'iii', 'iii', 'IV43', 'iii', 'vi53', 'vi', 'vi', 'vi53', 'vi7', 'vi', 'vi53', 'vi53', 'ii', 'IV42', 'vi', 'ii', 'I53', 'I53', 'I53', 'bi', 'iii65', 'ii42', 'iv42', 'vi65', 'i', 'i', 'I', 'i', 'i', 'I', 'i', 'I53']"
2,summer.mid,../Data/Baroque/Antonio Vivaldi/summer.mid,g minor,"['i53', 'i53', 'V7', 'v', 'i53', 'V53', 'V7', 'i', 'i53', 'iv', 'V53', 'i42', 'VI42', 'V7', 'ii', 'V7', 'V', 'III6', 'VI7', 'III', 'i', 'i53', 'iv', 'i53', 'V7', 'i53', 'i53', 'iv', 'i53', 'V7', 'i53', 'i', 'i', 'i', '#vii', '#vii', 'i', 'ii42', 'ii', 'III', 'i53', 'i', 'IV65', 'vii', 'V65', 'i6', 'VII', 'VII', 'v', 'i53', 'i', 'v', 'V', 'V53', 'V53', 'i53', 'iv', 'i53', 'V7', 'i53', 'VI65', 'VI65', 'VI65', 'i', 'i', 'i', 'i', 'i', '#i', 'iv', 'iv', 'iv', 'ii42', 'i53', 'VI65', 'vi42', 'VI42', 'i', 'i', 'VI42', 'vi42', 'ii42', 'i', 'III65', 'i', 'i', 'iv43', 'ii', 'III65', 'i', 'ii43', 'VII', 'i43', 'i43', 'III6', 'VII', 'v', 'v53', 'v', 'v7', 'v', 'v', 'v', 'v7', 'v', 'v53', 'ii', 'v64', 'ii7', 'v64', 'ii', 'v64', 'v', 'II53', 'v', 'v53', 'i53', 'i', 'v53', 'ii7', 'v', 'VI65', 'VI65', 'V65', 'vii7', '#iv65', 'iv65', 'ii', '#vi', '#vi', '#vii65', 'VI6', 'It64', 'V6', '#iii64', 'IV6', '#vii42', 'III6', 'I65', 'i', 'vi', 'i7', 'VI', 'vii', 'iv', '#vii42', 'ii65', 'ii42', 'iv', '#vii', 'iv', 'v42', 'vii', 'iv7', 'V42', 'VI', '#iv', 'i', 'V', 'i53', 'V7', 'i64', 'V53', 'III', 'V7', 'i64', 'V53', 'i7', 'ii65', 'v', 'i7', 'iv', 'II65', 'v7', 'III', 'iv42', 'iv42', 'iv42']"
3,bacicari.mid,../Data/Baroque/Claudio Monteverdi/bacicari.mid,g minor,"['V53', 'VI43', 'V53', 'III53', 'I53', '#vi65', 'III6', 'iii', 'III', 'III65', 'i53', 'VII53', 'VII6', 'V53', 'i', 'VII53', 'i64', 'v', 'iv', 'i', 'v53', 'ii6', 'i53', 'v64', 'II53', 'V53', 'i7', 'V53', 'V', 'III6', 'iv', 'I53', 'VII64', 'II64', 'v53', 'VII53', 'v53', 'v53', 'VII', 'VII53', 'III53', 'i', 'ii43', 'VI', 'i', 'III53', 'ii42', 'v43', 'i53', 'III6', 'iv53', 'III', 'V53', 'v53', 'VII53', 'VI53', 'III53', 'i53', 'iv', 'VI53', 'III', 'III53', 'ii42', 'v43', 'i53', 'III53', 'IV64', 'i64', 'v', 'i53']"
4,giovinetta.mid,../Data/Baroque/Claudio Monteverdi/giovinetta.mid,a minor,"['i', 'i', 'i65', 'VII', 'ii6', 'III', 'V', 'i64', 'III6', 'VII53', 'i53', 'i53', 'i', 'i53', 'i6', 'i53', 'iii', 'III6', 'i64', 'i53', 'III53', 'III7', 'VI53', 'vii', 'iii', 'III53', 'v', 'v53', 'IV53', 'III53', 'bv', 'i53', 'i53', 'i42', 'i', 'V', 'VII', 'VII', 'VII', 'v65', 'v', 'VII', 'III42', 'III', 'V', 'i64', 'i42', 'III65', 'III', 'VII', 'III42', 'i42', 'iv43', 'III65', 'i', 'VII', 'VI', 'v', 'iv', 'i6', 'V', 'i53', 'i53', 'iv65', 'III', 'i43', 'i42', 'iv65', 'v42', 'v65', 'VII', 'III', 'i42', 'iv', 'V53', 'i53', 'VII53', 'VI53', 'v', 'iv', 'III', 'VII53', 'VI', 'v53', 'iv53', 'i6', 'i', 'I53']"
5,sevoi.mid,../Data/Baroque/Claudio Monteverdi/sevoi.mid,g minor,"['I53', 'VII7', 'III', 'V53', 'i53', 'V6', 'iv64', 'i', 'ii43', 'i64', 'V53', 'I53', 'i43', 'V53', 'VI43', 'i53', 'i6', 'III', 'V53', 'I', 'vii', 'v', 'i', 'v65', 'III', 'v53', 'iv6', 'III64', 'VII53', 'III53', 'v43', 'V', 'III42', 'ii65', 'i', 'i', 'V', 'i', 'v65', 'III', 'v53', 'iv6', 'III64', 'VII53', 'III53', 'v43', 'V', 'III42', 'ii65', 'i', 'i', 'V', 'I64']"
6,HWV312.mid,../Data/Baroque/George Frideric Handel/HWV312.mid,B- major,"['I', 'i42', 'IV', 'ii42', 'ii42', 'vii', 'I42', 'iii42', 'ii42', 'I53', 'I', 'vii65', 'vii', 'I43', 'V', 'V', 'V53', 'iii', 'I', 'vi', 'I', 'vii', 'iii42', 'V53', 'I53', 'vi', 'vii6', 'III7', 'ii', 'IV7', 'vi7', 'IV7', 'VI53', 'iii42', 'ii42', 'ii42', 'ii', 'IV7', 'v43', 'ii64', 'iii6', 'vi', 'vi42', 'iii42', '#iv42', 'V42', 'iii', 'iii53', 'I7', 'iii', 'vii', 'iii', 'I6', 'iii7', 'V64', 'I53', 'v', 'vi', 'iii', 'iii42', 'vii', 'IV', 'iii', 'ii', 'I', 'v7', 'iii65', 'vi7', 'i', 'I', 'I']"
7,HWV313.mid,../Data/Baroque/George Frideric Handel/HWV313.mid,B- major,"['I64', 'IV6', 'vii53', 'I64', 'I53', 'V6', 'II7', 'V42', 'I64', 'i', 'I', 'I53', 'I53', 'V6', 'II53', 'V53', 'vi6', 'iii53', 'v', 'V', 'iii', 'VI', 'ii', 'V53', 'vi53', 'ii65', 'V42', 'I65', 'IV53', 'vii65', 'III6', 'vi64', 'ii42', 'III53', 'III53', 'vi', 'VII65', 'iii53', 'VI7', 'ii53', 'V7', 'I53', 'V53', 'I6', 'ii6', 'V53', 'vi', 'V6', 'I6', 'I43', 'I53', 'I64', 'IV65', 'iii6', 'vi53', 'I6', 'vi', 'i43', 'I53', 'III64', 'IV', 'III53']"
8,messiah.mid,../Data/Baroque/George Frideric Handel/messiah.mid,e minor,"['i53', 'i', 'bv', 'III6', 'iv42', 'v6', 'iv', 'v7', 'ii6', 'v6', 'VI7', 'bi', 'i53', 'i', 'bv', 'III6', 'iv42', 'v6', 'iv', 'v7', 'ii6', 'v6', 'VI7', 'bi', 'i', '#iii65', 'iv', 'III42', 'i42', 'IV65', 'i', 'i', 'i', 'VII', 'iv53', 'ii42', 'i64', 'iv', 'III42', 'III42', 'III', 'ii64', 'iii', 'VII53', 'iv53', 'i6', 'v64', '#vi42', 'i', 'v', 'bi', 'iv', 'bi', 'i', 'vii', 'iv', 'vi7', 'VII53', 'III64', 'VII64', 'iii', 'iii', 'vii43', 'VI53', 'iii', 'VI', 'III', 'iv64', 'I', 'iv64', 'I42', 'iv64', 'vii7', 'III64', 'VI53', 'VII65', 'ii42', 'i', 'ii', 'bi', 'bi', 'i53', 'v', 'i', 'i64', 'ii', 'i64', 'iv6', 'v6', 'i53', 'iv53', 'VI7', 'bi', 'ii7', 'iv53', 'III', 'iv6', 'bi', 'v', 'iv64', 'i', 'i', '#iii6', 'i', 'iv64', 'bi', 'i', 'III', 'i53', '-', '-']"
9,BWV525.mid,../Data/Baroque/Johann Sebastian Bach/BWV525.mid,E- major,"['vi7', '#iii', 'I', 'V', 'ii', '#iii', 'iii7', 'I', 'vi43', 'i65', 'I', 'iii65', 'vi7', '#iv65', 'vii7', 'vi42', 'V42', 'iii7', 'vi', '#vi65', 'V', 'iii7', 'V', 'vi43', 'i53', 'v', 'vi', 'iii', '#vi', 'iii42', 'i', 'iii7', 'ii', 'v', 'vi43', 'ii43', 'ii43', 'I', 'vi65', 'vi6', 'i', 'II7', 'v', 'III7', 'vi', 'I65', '#vi65', '#iii43', '#ii43', 'v', 'vi42', 'i', 'I', 'iii7', 'I', 'vi43', 'i65', 'I7', 'I']"
10,BWV529.mid,../Data/Baroque/Johann Sebastian Bach/BWV529.mid,C major,"['i7', 'I53', 'i', 'I53', 'I', 'ii', 'iii', 'ii6', 'V7', 'i64', 'i', 'vii', 'vi6', 'V64', 'vi64', 'vi', 'v7', 'V53', 'v7', 'V53', 'V', 'vi', 'vii', 'vi', 'II53', 'v64', '#i', 'vii', 'V', 'iii', 'vii', 'vi6', 'bVII6', 'I6', 'IV53', 'bVII64', 'IV53', 'v42', 'ii53', 'I53', 'vii53', 'I53', 'IV64', 'I53', 'vii', 'I', 'ii6', 'I64', 'ii64', 'iii', 'vi', 'vii', '#iv', 'vii42', 'i', 'IV', 'IV53', '#v', 'ii', '#iv7', 'I65', 'iv43', 'vi43', 'vii7', 'IV65', 'ii', 'VI', 'ii53', 'v43', 'I', 'iii', 'IV', 'IV53', 'IV53', 'IV53', 'ii', 'I65', 'iii', 'vii42', 'vi53', 'vi53', 'vi53', 'vi53', '#iv', 'iii7', '#i', 'IV65', 'v', 'v', 'vi6', 'vi', 'iii', '#i7', 'V42', 'vi42', 'iii43', '#iv7', 'I42', 'vi', 'III', 'vi', 'I42', 'V53', 'ii42', 'i7', 'I53', 'i', 'I53', 'I', 'ii', 'iii', 'ii', 'V7', 'i64', 'i', 'vii', 'vi6', 'V64', 'vi64', 'v', 'v7', 'V53', 'v7', 'V53', 'V', 'vi', 'vii', 'vi', 'II53', 'v64', '#i', 'vii', 'V', 'iii', 'vii', 'I53', 'bVII6', 'I6', 'IV53', 'bVII64', 'IV53', 'v42', 'ii53', 'I53', 'vii53', 'I53', 'IV64', 'I53', 'vii', 'I', 'ii6', 'I64', 'ii64', 'iii', 'i']"
11,BWV530.mid,../Data/Baroque/Johann Sebastian Bach/BWV530.mid,G major,"['vii', 'iii42', 'V53', 'I', 'V', 'vi7', 'v43', 'V6', 'V7', 'iii65', 'V', 'vii6', 'I7', 'iii43', 'vii42', 'iii65', 'iv7', 'iv', 'iii65', 'ii', 'I', 'I7', 'vi', 'IV64', 'ii42', 'vii', 'I', 'vii42', 'V', 'V53', 'I64', 'I64', 'vi42', 'II', 'V', 'II53', 'II53', 'II42', 'V6', 'V7', 'I53', 'I42', 'vi', 'IV53', 'vii7', 'ii64', 'vii42', 'bvi', 'vi', 'vi', 'ii', 'ii', 'v', 'ii42', 'vii65', 'IV', 'vi6', 'vi64', 'V53', 'vi', 'II', 'vii', 'II', 'vii42', 'V7', 'vii43', '#iv42', 'vii65', 'i7', 'i', 'vii65', 'V', 'V', 'II65', 'II', 'VI42', 'VI', 'ii', 'bvi', 'vii65', 'vi', 'vii', 'vii43', '#iv', 'vi', 'vi42', 'II6', 'II53', 'V', 'V42', 'I6', 'I53', '#iv7', '#iv42', '#iv42', 'vii7', 'iii53', 'iii', 'iii', 'biii', 'iii42', 'I64', '#iv65', 'I', 'iii43', 'I42', 'II', 'iii', 'vii', 'iii65', 'vi7', 'II65', 'vii42', 'bVI', 'ii', '#iv42', 'iii7', 'vi65', 'ii7', 'V65', '#i7', 'IV65', 'vii', 'iii65', 'vi65', 'V7', 'V', 'II42', 'II', 'VI42', 'VI', 'iii42', 'ii7', 'iii', 'iv65', 'VI', 'ii53', 'ii42', 'V6', 'V53', 'I53', 'I42', 'IV6', 'IV53', 'vii7', 'ii64', 'bvi', 'bvi', 'vi53', 'vi42', 'II6', 'II53', 'V53', 'iv', 'bIII', 'i64', 'vi42', 'vi42', 'bIII65', 'bIII', 'vii', 'iii42', 'V53', 'I', 'V', 'vi7', 'v43', 'V6', 'V7', 'I64', 'V', 'vii6', 'I7', 'iii43', 'vii42', 'iii65', 'iv7', 'iv', 'iii65', 'I']"
12,no1fminorop2.mid,../Data/Classic/Bethoven/no1fminorop2.mid,f minor,"['v', 'i', 'i', 'V65', 'V65', 'i', 'V43', 'i', 'V', 'v53', 'v42', 'i', '#ii65', '#v42', 'v64', 'IV', '#v', 'IV', 'v', 'IV6', '#vii', 'VII53', '#v', 'VII53', '#v', '#v6', '#v43', 'vii', 'vii7', '#v', 'V7', 'v64', 'vii6', 'v53', 'ii', 'v', '#v', 'v53', 'ii', 'v', 'VII53', '#ii', 'v', 'vii6', 'v', 'v7', 'v', '#v42', 'v6', 'v64', 'v64', '#v43', '#v42', '#v43', '#v', '#i', 'I53', '#i7', 'I53', '#i7', 'I7', 'iv', '#ii7', '#ii', 'II53', '#ii7', 'II53', '#ii7', '#iv53', 'v', '#iii53', '#v', '#v43', '#v65', 'v53', 'i', '#v42', 'V53', 'i', 'iv', '#iv53', 'V', 'i', 'v7', '#vi42', 'V53', 'i', 'V53', '#vi42', 'V7', 'i', 'V7', 'i', 'V', 'v', 'i', 'v42', 'V42', 'v43', '#ii', '#vii6', 'i', 'i', 'V42', 'V65', 'i', '#vii6', 'i', 'V', 'i', '#vii', 'iv', '#i42', '#i42', 'i', 'II43', '#iv6', 'V', '#iv', 'v', 'V53', '#v7', 'V53', '#v7', 'V7', 'VII', '#iv', 'v7', 'V42', 'ii7', 'V6', 'i', 'i', '#v42', '#ii42', '#v42', 'i', '#v42', '#ii42', 'v', '#ii42', 'i43', 'i', 'i43', '#ii42', 'V', 'i7', 'iv', '#v65', 'v6', '#v7', 'V43', 'i', 'v', 'I', 'I43', 'i', 'I64', 'I53', 'V42', 'I', '#vii', 'V7', 'V53', 'V7', 'V65', 'I7', 'IV', 'I', 'ii42', '#vi', 'ii', '#iii7', 'ii43', 'ii7', '#vii7', 'V', 'II42', '#vi', 'II7', '#iii42', 'II43', 'V', 'ii7', 'V', 'I', 'I43', 'i', 'I64', 'I', '#vi42', 'ii', 'i', '#vii', 'i', '#vii', 'V', '#vi65', 'IV53', 'I', 'ii42', 'iv', 'I', 'ii64', '#iii', 'I', 'V43', '#vi65', 'v7', 'I6', 'ii', 'V7', 'i', 'ii42', 'I64', 'v', 'ii42', 'i', 'V6', '#ii42', 'i', 'v64', 'VII6', 'vii', 'VII6', '#v', '#v', 'i', '#v', 'v', 'ii42', 'i', 'V6', '#ii42', 'i', 'v64', 'VII6', 'vii', 'VII6', '#v', '#v', 'i', '#v', 'v53', 'ii7', 'v64', '#i65', 'iv', 'iv43', 'iv', 'iv', 'I7', 'I7', 'v42', 'v42', '#ii', '#iv', 'v', '#v42', 'i', '#v43', 'v', '#v42', '#ii65', 'V', 'i', 'V', '#ii42', 'V53', 'i', '#iii7', 'ii42', 'V6', 'I53', 'I6', '#vi', '#vii', 'VI65', 'II53', 'v', '#iii7', 'ii42', 'V6', 'I53', 'I6', '#vi', '#vii', 'VI65', 'II53', 'v', 'V', 'V7', 'ii', '#iii', 'V', '#vii', 'ii42', '#iii42', 'IV42', '#iii', '#iii', '#iii42', 'V6', '#iv6', 'V7', '#iii7', 'ii42', 'V6', 'I53', 'I6', '#vi', 'V53', 'i', 'ii42', 'i', 'V6', '#ii42', 'i', 'v64', 'VII6', 'vii', 'VII6', '#v', '#v', 'i', '#v', 'v53', 'ii7', 'v64', '#i65', 'iv', 'iv43', 'iv', 'iv', 'I7', 'I7', 'v42', 'v42', '#ii', '#iv', 'v', '#v42', 'i', '#v43', 'v', '#v42', '#ii65', 'V', 'i', 'V', '#ii42', 'V53', 'i', '-', 'i', 'i', 'i', 'i', '#v43', 'v', 'v', '#ii', 'V65', 'V', 'V', 'I', 'II53', 'II6', 'II53', 'II6', 'II53', '#iv53', 'II65', 'II', '#iv', '#i43', 'v64', 'v64', 'v64', 'VII', 'v42', '#iv', 'ii', 'v43', 'v42', '#vi65', 'v43', 'v53', '#ii43', 'V6', '#ii42', 'VII', 'v', 'v', 'II', 'v53', '#ii43', 'v', '#ii42', 'ii', 'v', 'v', 'II', 'v', 'VII', 'v53', 'VII', 'VII', 'v6', 'v53', '#v42', '#v64', 'v64', 'v64', 'VII6', 'VII6', 'i', 'v6', 'iv', '#v65', 'v43', 'v64', 'v64', 'v43', 'VII6', 'VII6', 'i', '#iii64', 'iv', '#v65', 'v43', 'v64', 'vii', '#v42', 'v64', 'v53', 'VII64', '#v7', '#v', 'v42', 'v64', '#i7', 'i', '#iii64', '#v7', '#v65', '#v43', 'v', 'vii', '#v42', 'v64', 'v53', 'VII64', '#v7', '#v', 'v42', 'v64', 'v', 'i', '#i42', '#v7', '#v65', 'v64', 'v64', 'v64', 'v64', 'V43', 'V43', '#vii6', '#vii6', 'i', 'i', '#ii42', 'i', '#i', 'vii', 'i', 'I43', 'iv', 'ii65', 'V53', 'V', 'V', 'V', 'V53', '#v7', '#v7', '#v7', '#v', 'V', '#v7', 'i', 'i', 'i', 'i', '#v43', 'v', 'v', '#ii', 'V65', 'i', 'V65', 'i', '#vii', '#ii', 'V53', 'V6', 'V7', 'V6', '#vii', '#vii53', 'V65', '#vii', 'V', '#ii42', 'i', 'i', 'v', '#vi', 'v', 'ii65', 'i43', 'i42', 'v', 'ii65', 'i43', '#ii42', '#v43', 'I6', '#v42', 'v', '#vi42', 'i', 'V', '#ii42', '#v43', 'I6', '#v42', 'v', '#vi42', 'i', 'V', '#ii42', 'i', 'i', 'i', 'i', 'i', 'i', 'i']"
13,no2csharpminorop2.mid,../Data/Classic/Bethoven/no2csharpminorop2.mid,A major,"['i', 'iii', 'i', 'IV', 'ii', 'vii', 'v42', 'vii', 'iii', 'ii42', 'vi42', 'V65', 'iv43', 'V42', 'I', 'V65', 'bv', 'V', 'bv', 'V', 'V53', 'iii', 'I6', 'ii', 'vi42', 'V42', 'I', 'V65', 'I53', 'V42', 'IV', 'iii6', 'I42', 'vi42', 'ii42', 'iii', 'vii', 'I42', 'vi42', 'vii', 'iii', 'vi', 'i', 'v', 'i', 'v', 'bv', 'bv', 'bii', 'iii42', 'vii', 'iii42', 'vii', 'iii42', 'vi42', 'vi', 'vi42', 'vi42', 'v53', 'v53', 'vi7', 'i', 'bVII53', 'bVII53', 'vi', 'vi43', 'bII53', 'bII53', 'i', 'I65', 'IV7', 'bv', 'V7', 'ii', 'vi7', 'bIII', 'vi7', 'vi7', 'biii42', 'vi7', 'vi7', 'vi7', 'vi7', 'ii', 'V6', 'V53', 'v', 'i', 'V53', 'V6', 'v', 'i', 'iii65', 'iii42', 'vi7', 'vi7', 'iii42', 'iii42', 'V', 'vii', 'iii65', 'vi', 'I', 'v', 'vi42', 'iv', 'V', 'IV', 'V', 'vi42', 'V', 'vi42', 'V53', 'V6', 'V53', 'V53', 'V', '-', 'v', 'v53', 'v', 'biii', 'v', 'biii', 'bVI', 'iv', 'ii', 'bvii42', 'ii', 'bvii', 'biii64', 'biii6', 'biii64', 'biii64', 'biii64', 'biii64', 'iii43', 'iii43', 'iii65', 'iii43', 'iii43', 'iii43', 'bIII43', 'biii43', 'biii7', 'bIII43', 'biii43', 'bIII43', 'bvi', 'bvi', 'bvi', 'bvi', 'bvi', 'bvi', 'bvi', 'bvi', 'bIII53', 'bIII6', 'bIII53', 'bIII53', 'bIII53', 'bVI53', 'iv42', 'bIII65', 'bii43', 'bIII42', 'bVI', 'bIII65', 'bvii', 'bVI53', 'bVI', 'iv42', 'v64', 'bVI', 'bIII65', 'iv53', 'I42', 'iv', 'I65', 'v53', 'iv64', 'v', 'bvii53', 'i', 'bIII53', 'iv', 'bVI53', 'bvii', 'i', 'bIII42', 'bii43', 'bVI', 'v', 'bVI', 'I42', 'bvii43', 'bIII', 'ii', 'bIII', 'V42', 'iv43', 'vi7', 'V64', 'V53', 'i53', 'vi42', 'V6', 'V53', 'i53', 'vi42', 'V64', 'bv', 'vi6', 'vi6', 'V7', 'V7', 'V', 'iv', 'V', 'iii42', 'V65', 'I', 'ii7', 'V7', 'i', 'iii', 'i', 'IV', 'ii', 'vii', 'v42', 'vii', 'iii', 'ii42', 'vi42', 'V65', 'iv43', 'V42', 'I', 'V65', 'bv', 'V', 'bv', 'V53', 'i43', 'i', 'i', 'IV53', 'V43', 'V43', 'V43', 'I42', 'vi42', 'ii42', 'vii42', 'vi42', 'vi42', 'ii42', 'iii', 'vi', 'i', 'V7', 'i', 'V7', 'i', 'bv', 'V', 'bv', 'V', 'iii', 'V', 'bIII42', 'bVI42', 'V65', 'ii', 'vii7', 'V65', 'i53', 'i53', 'vii', 'bVII65', 'bIII53', 'bIII53', 'ii', 'vii43', 'bV53', 'bV53', 'bv65', 'IV65', 'bVII7', 'iv', 'I7', 'bii', 'ii7', 'vii6', 'vii6', 'ii7', 'biii', 'ii7', 'iv', 'iv', 'vii65', 'v', 'I6', 'I53', 'vi7', 'V7', 'I', 'I53', 'i', 'V42', 'iii', 'vi42', 'ii7', 'vii', 'V42', 'vi42', 'I', 'iii', 'iii', 'I', 'IV', 'V', 'iv43', 'bvii', 'I53', 'ii42', 'I', 'vii53', 'I53', 'ii42', 'I', 'I6', 'I53', 'I53', 'I', '-', 'IV6', 'IV', 'iii', 'vi42', 'IV6', 'iii43', 'iv43', 'v42', 'V', 'I42', 'i43', 'I65', 'IV6', 'IV', 'v', 'bVII53', 'iii6', 'iv43', 'v42', 'IV42', 'iii7', 'bvi', 'vi64', 'I7', 'I7', 'bVII6', 'IV42', 'bVII6', 'vi43', 'v64', 'I53', 'IV6', 'IV', 'iii', 'iv', 'IV6', 'iii43', 'iv43', 'v42', 'V65', 'V42', 'i42', 'I', 'IV6', 'IV', 'v', 'bVII53', 'iii6', 'iv43', 'bvii43', 'IV', 'IV', 'I7', 'iv', 'iv', 'IV53', 'IV42', 'iv6', 'iv6', 'bVI65', 'bII64', 'bII6', 'vii7', 'I53', 'I7', 'v', 'I53', 'IV', 'IV', 'vi42', 'I7', 'IV6', 'bVII64', 'iv43', 'I', 'I7', 'I7', 'I7', 'IV53', 'IV64', 'I64', 'I53', 'I6', 'vi42', 'vi42', 'vii53', 'V65', 'V7', 'vii', 'I53', 'I6', 'vi42', 'vi42', 'vii53', 'V65', 'V7', 'vii', 'V6', 'vi', 'vii', 'vii', 'vi', 'iii', 'iii65', 'iii65', 'V', 'iii65', 'bv6', 'bV64', 'vii', 'iii7', 'bv6', 'bV64', 'bv64', 'vi', 'V53', 'I7', 'IV53', 'V7', '-', 'I64', 'I53', 'I6', 'vi42', 'vi42', 'vii53', 'V65', 'V7', 'vii', 'vi7', 'vii7', 'V7', 'i', 'i', 'v43', 'i', 'v43', 'bVII42', 'v', 'i', 'v', 'i', 'v43', 'i', 'v43', 'bVII42', 'v', 'i', 'v', 'bIII', 'bvii43', 'bIII', 'i43', 'ii7', 'bVII42', 'iv42', 'i42', 'i', 'v7', 'i64', 'v7', 'i', 'v7', 'ii65', 'i', 'I53', 'I6', 'vi42', 'vi42', 'vii53', 'V65', 'V7', 'vii', 'V6', 'vi', 'vii', 'vii', 'vi', 'iii', 'iii65', 'iii65', 'V', 'iii65', 'bv6', 'bV64', 'vii', 'iii7', 'bv6', 'bV64', 'bv64', 'vi', 'V53', 'I7', 'IV53', 'V7', '-', 'I64', 'I53', 'I6', 'vi42', 'vi42', 'vii53', 'V65', 'V7', 'vii', 'vi7', 'vii7', 'V7', 'I53', '-', 'I53', 'V43', 'IV65', 'V42', 'V42', 'V', 'vii', 'bv', 'I', 'V53', 'ii', 'V53', 'I53', 'V', 'V', 'I7', 'vii', 'I53', 'ii', 'I53', 'vii', 'I', 'vi42', 'V6', 'vi42', 'V53', 'ii42', 'V53', 'ii42', 'V53', 'ii42', 'iii', 'vi', 'iii65', 'bv42', 'I6', 'V64', 'i', 'iii7', 'V', 'I53', 'V43', 'vi7', 'V53', 'i43', 'V', 'vii', 'bv', 'I', 'V53', 'ii', 'V53', 'I53', 'V', 'V', 'I7', 'i53', 'v43', 'bIII', 'v7', 'i53', 'iv6', 'bVII7', 'bIII6', 'iv42', 'bIII53', 'i53', 'v43', 'bIII', 'v7', 'i53', 'iv6', 'bVII7', 'bIII6', 'iv42', 'biii', 'bIII7', 'ii', 'iv7', 'bIII', 'i43', 'vi42', 'bVII', 'vii', 'i53', 'V43', 'i53', 'ii', 'i64', 'i65', 'ii', 'iv7', 'bIII', 'i43', 'vi42', 'ii7', 'V53', 'i53', 'V43', 'i53', 'bVI7', 'V53', 'vi65', 'V7', 'i42', 'V', 'vii', 'iii42', 'IV42', 'vii42', 'V43', 'IV65', 'V42', 'V', 'V', 'vii', 'bv', 'I', 'v', 'I', 'V', 'I53', 'V', 'V', 'I7', 'vii', 'I53', 'ii', 'I53', 'vii', 'I', 'vi', 'I', 'bv', 'I53', 'bv', 'I53', 'V', 'vi', 'ii', 'vi65', 'iii', 'i', 'V7', 'I53', 'V43', 'vi7', 'V42', 'I6', 'bIII7', 'bVI64', 'biii7', 'bVI64', 'bIII7', 'v53', 'ii6', 'I', 'I53', 'V65', 'I53', 'V65', 'I53', 'I42', 'IV', 'iii65', 'I42', 'IV6', 'bVI7', 'bvi7', 'bvi7', 'bII64', 'bvi7', 'bvii42', 'biii', 'V53', 'bVI42', 'v7', 'iii6', 'V7', 'iii', 'vii42', 'IV42', 'I53', 'V43', 'vi7', 'V42', 'I6', 'ii6', 'ii', 'I53', 'V42', 'I53', 'V42', 'I53', 'vii42', 'V7', 'V42']"
14,no3cmmajorop2.mid,../Data/Classic/Bethoven/no3cmmajorop2.mid,C major,"['-', 'I53', 'V', 'V7', 'I53', 'I', 'iv', 'vi42', 'I43', 'i', 'iii65', '#iv7', 'v7', 'I53', 'I6', 'vi42', 'ii42', 'I53', 'I6', 'vii42', 'ii', 'V', 'i42', 'V53', 'I53', 'V53', 'v', 'v53', 'VI42', '#iv', 'V42', 'i', 'VI65', 'ii53', 'III42', '#i', 'II42', 'v', 'III65', 'vi', 'ii7', 'v', 'bIII7', 'II53', 'II53', 'II', 'vii42', 'v', 'V6', 'II42', 'ii43', 'V6', 'iii65', 'VI53', 'II53', 'V', 'V6', 'II43', 'II42', 'V6', 'V7', 'I53', 'I6', 'II42', '#iv64', 'V53', 'V64', 'iii43', 'iii43', 'V', 'I', '#iv', 'II', 'V53', 'bIII', 'iii7', 'ii', 'i', 'II7', 'i7', 'II7', 'i7', 'II', 'iii', 'II43', 'i', 'vi', 'V', 'ii', 'II43', 'v', 'V42', 'i', 'I42', '#v7', 'bVII', '#v42', 'bVII53', 'bVII53', 'vii53', 'vii53', 'iv', 'iv', 'iv', 'iv', '#iv64', '#iv64', 'VI6', 'VI6', 'II53', 'VI', 'VI53', 'II53', 'II7', 'v42', 'biii42', 'i42', 'v7', 'i42', '#v', 'biii', 'i7', 'III', '#i', '#v', 'v42', 'bIII42', 'I', 'iv43', 'v7', 'II', 'V', 'II', 'V53', 'II', 'V7', 'V7', 'V7', 'V7', 'I53', 'V', 'V7', 'I53', 'I', 'iv', 'vi42', 'I42', 'iv42', 'v42', 'bvii42', 'i42', 'v42', 'vi', 'v', 'iv', 'V', 'i42', 'V53', 'I53', 'V53', 'v', 'i53', 'II42', 'vii', 'I42', 'iv', 'II65', 'v53', 'VI42', '#iv', 'V42', 'i', 'VI65', 'ii', 'v7', 'i', 'i', 'V53', 'V53', 'V', 'iii42', 'I53', 'I6', 'V42', 'V43', 'I6', 'vi65', 'II7', 'V53', 'I', 'I6', 'V43', 'V42', 'I', 'I6', 'IV53', 'IV6', 'V42', 'vii', 'I64', 'I6', 'I', 'I', 'vi', 'ii', 'V', 'i', 'I6', 'i', 'vi', 'v', 'iv', 'V7', 'iv7', 'v7', 'iv7', 'V', 'vi', 'i64', 'i64', 'i64', 'i53', 'i53', 'i', '#i53', '#i42', '#iv42', '#iv43', '#v42', 'v65', 'V', 'vi65', 'I64', 'I64', 'I53', 'iii', 'I65', 'IV6', 'ii', 'ii', 'ii', 'ii', 'V7', '#i', 'v42', 'I53', 'V', 'V7', 'I53', 'ii7', 'ii7', 'iii', 'vi7', 'IV', 'iv42', 'I42', 'iv42', 'ii', 'V43', 'I', '-', 'IV', 'v', 'V7', 'i', 'iv', 'i', 'v', 'V43', 'I53', '-', 'iii', 'biii', 'biii', 'biii', '#iv', 'VI', 'VI', 'iii', 'III42', 'vii7', 'iii', '#iv', 'vi42', 'V', 'vi', 'V', 'vi', 'v43', 'V7', '#iv', 'i', 'V6', 'i', '#i', 'v42', 'iii', '#iv', '#v7', 'vi', 'vii', '#i7', 'II', 'iii', '#iv7', 'iii', 'iii64', 'I42', 'V65', 'vi', 'V65', 'biii', 'biii', 'iii', 'biii', 'biii', 'biii', '#iv', 'VI', 'VI', 'iii', 'III42', 'vii7', 'iii42', 'V7', 'I', '#v', 'bvii42', 'vii', 'II', 'i', 'i42', 'II', '#iv43', 'i42', 'i42', 'iii', 'biii', 'III', 'biii', 'biii', '#iv64', 'VI7', '#v', '#iv', 'biii', '#iv', 'III6', 'biii', 'III6', 'VI', 'vi', '#iv42', 'v42', 'IV', 'I', 'V43', '#iv', 'V42', 'I53', 'V', 'V53', 'II42', '#iv', 'vi65', 'v', 'i', 'ii7', '#iv43', 'V53', 'IV', 'I', 'V43', '#iv', 'V42', 'I53', 'V', 'V53', 'II42', '#iv', 'vi65', 'v', 'i', 'ii7', '#iv43', 'V53', 'V42', 'vii', 'IV42', 'vi', 'IV', 'i7', 'iv', 'i42', '#iv42', 'v42', 'ii42', 'v7', 'v', 'biii', 'v', 'biii', 'v', 'i', 'i', 'biii', '#v42', '#v42', '#v42', 'IV', 'I', 'V43', 'I', 'V53', 'I53', 'VI', 'I', 'I42', 'iii', 'V42', 'vii', 'ii42', '#iv', 'V42', 'I', 'I', 'ii42', 'i', 'i7', 'I', 'vii', 'vii', 'vii', 'i', 'vi', '#v', 'vi', '#v64', 'vi', 'V', 'bvii', 'iii53', 'vi', '#v', 'vi', '#v64', 'vi', 'V', 'bvii', 'iii53', 'I', 'vii', '#i', 'ii', 'ii', 'I', 'vi', 'iii', 'vi', '#v', 'vi', '#v64', 'vi', 'vii6', 'iii', 'vi42', 'I', 'vii', '#i', 'ii', 'ii', 'I', 'vi', 'iii', 'vi', '#v', 'vi', 'ii53', 'iv', 'V43', 'V6', 'v', 'v42', 'IV', 'I', 'V43', '#iv', 'V42', 'I53', 'V', 'V53', 'II42', '#iv', 'vi65', 'v', 'i', 'ii7', '#iv43', 'V53', 'V42', 'vii', 'IV42', 'vi', 'IV', 'i7', 'iv', 'i42', '#iv42', 'v42', 'ii42', 'v7', 'v', 'biii', 'v', 'biii', 'v', 'i', 'i', 'biii', '#v42', '#v42', '#v42', 'IV', 'I', 'V43', 'I', 'V53', 'I53', 'VI', 'I', 'I42', 'iii', 'V42', 'vii', 'ii42', '#iv', 'V42', 'I', 'I', 'ii42', 'i', 'i7', 'I', 'vii', 'vii', 'vii', 'i', 'vi', 'vi', '#iv', '#iv', 'v42', '#v7', 'I64', 'i', '#v', 'I', '#v7', '#v7', 'I53', 'vii', 'I', 'vii', 'I', 'vii', 'I', 'vii', 'I42', 'i42', 'i', 'i', 'IV', 'IV65', 'II7', 'v', 'ii42', 'I53', 'I53', 'I', 'V53', 'v7', 'I64', 'V', '#iv', 'vi42', 'vi42', 'V', 'ii', 'i', 'IV', 'IV65', '#iv7', 'iii6', 'VI42', 'vii43', 'iii43', 'vi6', 'vi6', 'II53', '#iv64', 'V6', '#iv64', 'V6', '#iv64', 'biii', 'III', 'i42', 'II', 'V', '#iv64', 'V6', '#iv64', 'v6', '#iv64', 'bVII', 'bIII', '#i', 'II', 'V', 'I', 'bvii', 'vii', 'iii', 'i', 'V7', 'i64', 'V65', 'i64', 'V7', 'i64', 'V65', 'i64', 'vi42', 'V42', 'I43', 'vii42', 'i', 'vii42', 'i', 'IV', 'IV65', 'II7', 'v', 'ii42', 'I53', 'I53', 'I53', 'I64', 'V42', 'v43', 'ii53', 'ii64', 'VI42', 'iii53', 'iii53', 'iii64', '#iv', '#iv', 'vii', 'vii', 'iii', 'iii', 'ii', 'vii', 'vi', 'iii42', 'IV', 'vii', 'vi42', 'iii', 'bvii42', 'i42', 'iv', 'IV53', 'vii', 'I7', 'iii6', 'V6', 'V7', 'I', 'IV', 'iv', 'iii42', 'i42', 'vi42', 'bvii', 'i7', 'IV', 'i7', 'IV', 'bVII', 'IV', 'i7', 'IV', 'bVII', 'I7', 'IV6', 'IV53', 'iii', 'I7', 'iii', 'v7', 'I43', 'IV', 'i7', 'IV', 'bVII', 'IV', 'i7', 'IV', 'bVII', 'I7', 'IV6', 'IV53', 'iii', 'I7', '#v42', 'iv', '#i', 'i42', 'i', 'biii', 'v42', 'biii42', 'i64', 'vi65', 'vii42', 'v', 'III', 'v7', 'vii', 'ii7', '#iv', 'i64', 'i', '#iv', 'V53', 'V', 'v7', 'V', 'ii', 'iii65', 'ii', 'iii65', 'ii', 'i', '#i', 'i', 'V7', 'V42', 'i', 'IV', 'IV65', 'II7', 'v', 'ii42', 'I53', 'I53', 'I53', 'I64', 'V42', 'V42', 'v7', 'V7', 'I53', 'I53', 'I', 'V53', 'v7', 'I64', 'V', '#iv', 'vi42', 'vi42', 'V', 'ii', 'i', 'IV', 'IV65', 'II65', 'I64', 'I6', 'ii43', 'v43', 'i43', 'vi6', 'V53', 'vii64', 'I6', 'vii64', 'I6', 'vii64', 'III', 'VI', 'iv42', 'V', 'I', 'vii64', 'i6', 'vii64', 'i6', '#v7', 'bIII6', '#v7', 'V', 'I', 'iv', 'II', 'v', 'bIII', '#i', 'II', 'V', '#iv', 'V7', 'i64', 'V65', 'i64', 'V7', 'i64', 'V65', 'i64', 'i42', 'V42', 'vi42', 'V42', 'iii43', 'ii42', 'i', 'V', 'ii7', 'ii42', 'I', 'I', 'ii42', 'i', 'I', 'I', 'V42', 'II42', 'iii', 'vii', 'vii', 'ii', 'IV', 'vi', 'I', 'I', 'ii7', '#iv7', 'I64', 'vii42', 'ii', 'ii', 'II', 'iii42', 'ii', 'ii', 'iii', 'iii', 'vii', 'vii', 'iii42', 'iii42', 'iii', 'iii42', '-', 'VI53', 'VI64', 'III42', 'III42', 'vi53', 'vi64', 'V43', 'V43', 'V7', 'V7', 'i', 'vii42', 'v', 'V43', 'I53']"
15,hobxvl8.mid,../Data/Classic/Franz Joseph Haydn/hobxvl8.mid,C major,"['-', '-', 'I53', 'I53', 'I', 'I53', 'I53', 'I', 'I', 'iv43', 'iv', 'I53', 'I53', 'I64', 'i', 'I53', 'IV53', 'iv', 'I53', 'vi65', 'iii65', 'I7', 'iii', 'IV', 'vi', 'vi42', 'iv', 'I', 'IV6', 'iii', 'vi65', 'iii', 'V53', 'V', 'bIII', 'I64', '#iv53', 'II6', 'V53', 'v', 'VI42', 'biii43', 'I64', 'II65', 'II65', 'V', 'V6', 'I53', 'i42', 'V', 'I53', 'I53', '#iv42', 'iii42', '#iv42', 'I7', 'vi65', 'I42', 'V', 'V', 'V65', 'I42', 'vii42', 'II65', 'I', 'i', 'V64', 'iii', 'i42', 'vii42', 'ii42', 'biii', 'ii42', 'II7', 'vi42', 'i43', 'I64', 'V', 'V', 'V42', 'V6', 'V6', 'vi42', 'iii42', 'V', 'i', 'V', 'V65', 'V', 'vii43', 'vii', 'V6', 'ii', 'II7', 'V', 'v', 'I42', 'vii42', 'V53', 'V64', 'II65', 'V', 'V', 'v', 'iii65', 'V42', 'I', 'vi', 'I7', 'II42', 'I', 'i', 'i', 'V', 'vii6', 'V', 'i43', 'V7', 'iii65', 'V53', 'V7', '#v7', '#v53', '#v43', 'ii', 'I', 'vi53', 'IV', 'v', 'IV53', 'ii6', 'ii', 'vi43', 'II', 'V43', 'I', 'i53', 'biii', '#v42', '#iv7', '#iv', 'V', 'iv', 'i', 'i', 'iii', 'bIII65', 'V', '#i', 'v7', 'v7', 'v7', 'iii65', 'vii42', 'I42', 'II', 'I53', 'ii42', 'I', 'I53', 'I', 'I', 'I', 'IV64', 'iv', 'I53', 'I53', 'I64', 'iv43', 'iii', 'IV43', 'iv', 'I7', 'vi65', 'iii65', 'I42', 'iii', 'IV', 'I7', 'i', 'iv', 'ii42', 'I42', 'iii', 'I7', 'vi42', 'iii65', 'V6', 'V', 'i', 'I64', '#iv', 'II65', 'V42', 'ii', 'I', 'I53', 'IV64', 'V65', 'V65', 'I', 'I65', 'IV53', 'IV7', 'I', 'IV53', 'IV53', 'I', 'I42', '#v7', 'IV65', 'IV', 'ii42', 'I', 'V7', 'i', 'vi', 'iii42', 'iii', 'iii', 'IV', '#iv7', 'I64', 'V', 'ii', 'iv42', 'v42', 'vi42', 'ii', 'iv', 'I', 'I', 'IV', 'iv', 'iii', 'iv', 'I53', 'I53', 'IV', 'I43', 'I', 'V', 'I53', 'IV', 'iv', 'iv', 'I6', 'i', 'I64', 'IV', 'i43', 'I6', 'I64', 'ii', 'i', 'I53', 'vi42', 'iii42', 'I', 'IV', 'I7', 'iv', 'ii42', 'I7', 'vi', 'IV43', 'iv43', '#v', 'ii42', 'i7', 'i', 'I53']"
16,hobxvl9.mid,../Data/Classic/Franz Joseph Haydn/hobxvl9.mid,F major,"['I53', 'I6', 'I', 'I64', 'iv43', 'I', 'IV43', 'vii', 'i42', 'V', 'V6', 'ii42', 'iii53', 'ii42', 'v', 'I53', 'I6', 'I', 'I64', 'iv43', 'I', 'IV43', 'vii', 'i42', 'V', 'V6', 'ii42', 'iii53', 'ii42', 'v', 'V53', 'vii53', 'I64', 'I53', 'v7', 'ii', 'I53', 'I', 'I6', 'ii', 'i42', 'ii', 'v', 'I53', 'I6', 'I', 'I64', 'iv43', 'ii42', 'iii', 'iv42', 'I', 'I6', 'v42', 'vi64', 'v42', 'i7', 'V53', 'vii53', 'I64', 'I53', 'v7', 'ii', 'I53', 'I', 'I6', 'ii', 'i42', 'ii', 'v', 'I53', 'I6', 'I', 'I64', 'iv43', 'ii42', 'iii', 'iv42', 'I', 'I6', 'v42', 'vi64', 'v42', 'i7']"
17,hobxvlg1.mid,../Data/Classic/Franz Joseph Haydn/hobxvlg1.mid,G major,"['iii42', 'V42', 'I', 'I7', 'v42', 'ii42', 'V42', 'I53', 'V42', 'I53', 'V', '#iv', 'vii65', 'I', 'vi42', 'I', 'V', 'II65', 'V53', 'II65', 'V53', 'II65', 'V7', 'V42', 'i7', 'V', 'i7', 'V', 'iii65', 'V42', 'I', 'I7', 'v42', 'ii42', 'V42', 'I53', 'V42', 'I53', 'V', '#iv', 'vii65', 'I', 'vi42', 'I', 'V', 'II65', 'V53', 'II65', 'V53', 'II65', 'V7', 'V42', 'i7', 'V', 'i7', 'V', 'V', 'II42', 'iii65', 'iii65', 'IV', 'vi65', 'v', 'IV53', 'i43', 'IV53', 'i43', 'IV53', 'II6', 'V53', 'II6', 'V53', 'bvi', 'vi53', 'bvi', 'bVI', 'bVI', 'ii43', 'vi', 'ii43', 'vi', 'vi', 'IV65', 'vii53', 'iii65', 'I', 'V42', 'I', 'I7', 'v42', 'ii42', 'ii', 'I64', 'IV', 'ii42', 'IV', 'i', 'V65', 'I53', 'V65', 'I53', 'V65', 'I42', 'I42', 'iv43', 'I', 'iv43', 'I', 'vi', 'II42', 'iii65', 'iii65', 'IV', 'vi65', 'v', 'IV53', 'i43', 'IV53', 'i43', 'IV53', 'II6', 'V53', 'II6', 'V53', 'bvi', 'vi53', 'bvi', 'bVI', 'bVI', 'ii43', 'vi', 'ii43', 'vi', 'vi', 'IV65', 'vii53', 'iii65', 'I', 'V42', 'I', 'I7', 'v42', 'ii42', 'ii', 'I64', 'IV', 'ii42', 'IV', 'i', 'V65', 'I53', 'V65', 'I53', 'V65', 'I42', 'I42', 'iv43', 'I', 'iv43', 'I', 'i']"
18,d279.mid,../Data/Classic/Franz Shubert/d279.mid,C major,"['i42', 'iv', 'ii42', 'V', 'vi', 'vii', 'vi42', 'iii42', 'i', 'bIII', 'v', 'v', 'I7', 'IV', 'II', 'V', 'I', 'iii42', 'i42', 'IV', 'v', 'III64', 'vi64', 'III53', 'vi64', 'III53', 'iv', 'vi42', 'bvii', 'vi', 'v42', 'I53', '#v', 'I53', 'v', 'I7', 'biii', 'biii', 'biii', 'v', 'biii', 'iii42', 'V', 'II53', 'V7', 'VI42', 'v7', 'v', 'V7', 'VI42', 'v7', 'V', 'iii', 'vi42', 'II65', 'v', 'vi7', 'II65', 'v43', 'I53', '#i65', 'vii', 'vii65', 'vii', 'vii', 'bVII', 'bVII', 'i', 'VI42', 'II', 'vii', 'ii7', 'ii7', '#v42', '#i43', '#i7', '#i7', 'bIII42', '#i7', 'bIII42', 'i42', 'VI65', 'V', 'II7', 'iii42', 'v', 'i42', 'iv', 'ii42', 'V', 'vi', 'vii', 'vi42', 'iii42', 'i', 'bIII', 'v', 'v', 'I7', 'IV', 'II', 'V', 'I', 'iii42', 'i42', 'IV', 'v', 'III64', 'vi64', 'III53', 'vi64', 'III53', 'iv', 'vi42', 'bvii', 'vi', 'v42', 'I53', '#v', 'I53', 'v', 'I7', 'biii', 'biii', 'biii', 'v', 'biii', 'iii42', 'V', 'II53', 'V7', 'VI42', 'v7', 'v', 'V7', 'VI42', 'v7', 'V', 'iii', 'vi42', 'II65', 'v', 'vi7', 'II65', 'v43', 'I53', '#i65', 'vii', 'vii65', 'vii', 'vii', 'bVII', 'bVII', 'i', 'VI42', 'II', 'vii', 'ii7', 'ii7', '#v42', '#i43', '#i7', '#i7', 'bIII42', '#i7', 'bIII42', 'i42', 'VI65', 'V', 'II7', 'iii42', 'iv42', 'v42', 'vii', '#iv', '#i', 'vii', 'vi', 'v', 'II6', 'I6', 'bVII6', 'iv', 'iv', 'ii6', 'ii64', 'ii64', 'V65', 'I53', 'IV', '#i', 'ii53', 'vi', 'vii53', '#iv', 'i64', 'biii', 'iv', 'I43', 'I53', 'I53', 'i7', 'I53', 'iv42', 'bvii', 'v42', 'I', 'ii', 'iii', 'ii42', 'vi42', 'i', 'i', 'i', 'IV7', 'bVII', 'V', 'I', 'IV', 'vi42', 'iv42', 'bVII', 'i', 'vi', 'IV', 'bVII', 'VI64', 'ii64', 'VI53', 'ii64', 'VI53', 'bvii', 'ii42', 'biii', 'ii', 'i42', 'IV', '#i', 'IV53', 'i', 'IV7', 'III53', 'III53', 'III53', 'i', 'III53', 'vi42', 'I', 'V53', 'I7', 'II42', 'i7', 'i', 'I7', 'II42', 'i7', 'I', 'IV', 'ii42', 'V7', 'i', 'ii7', 'V65', 'i43', 'IV53', 'i', 'iii', 'iii65', 'iii', 'iii', 'bIII', 'iii', 'iv', 'II42', 'vii7', 'iii', 'v7', 'v7', '#i42', '#iv43', '#iv7', '#iv7', 'i', '#iv7', 'i', 'iv42', 'II65', 'I', 'V7', 'vi42', 'I', 'v42', 'I', 'v42', 'V53', 'I53', 'I53']"
19,d537.mid,../Data/Classic/Franz Shubert/d537.mid,F major,"['iii53', 'iii', 'VII53', 'vi', '#ii43', 'vi', 'iii', 'VII53', 'vi', '#ii43', '#ii43', 'V', 'v', 'v', 'iii6', 'i43', '#ii', '#ii', 'v42', 'v42', 'I53', 'I53', 'i', 'i', 'iii', 'iii', 'iii65', '-', 'I', 'v', 'I', 'v', 'I', 'ii42', 'iv43', 'iv43', 'vi', '#v', 'V7', 'I', 'iv', 'I', 'iv', 'I', 'iv', '#i65', '#i', '#i', '#ii65', '#iv', 'iii', '#iv53', 'V7', 'I64', 'V', 'V42', 'I', 'I65', 'V', 'V42', 'I', 'III', 'III', 'iii', '#ii', '-', 'iii53', 'iii', 'VII53', 'vi', '#ii43', 'vi', 'iii', 'VII53', 'vi', '#ii43', '#ii43', 'V', 'v', 'v', 'iii6', 'i43', '#ii', '#ii', 'v42', 'v42', 'I53', 'I53', 'i', 'i', 'iii', 'iii', 'iii65', '-', 'I', 'v', 'I', 'v', 'I', 'ii42', 'iv43', 'iv43', 'iv', '#v', 'V7', 'I', 'iv', 'I', 'iv', 'I', 'iv', '#i65', '#i', '#i', '#ii65', '#iv', 'iii', '#iv53', 'V7', 'I64', 'V', 'V42', 'I', 'I65', 'V', 'V42', 'I', 'III', 'III', 'iv', 'iv', '#ii42', '#ii42', '#ii42', '#ii42', '#ii42', '#ii42', '#ii42', '#ii42', '#ii', '#ii', 'vii', 'vii', '#i', '#i', 'vi', 'vi', 'vii', 'vii', 'v', 'v', '#i6', '#i53', '#iv6', '#iv64', 'vii64', 'vii6', '-', '#v43', '-', '#v43', '-', 'bvii', 'v', '#v42', 'v', '#v42', 'v', '#i43', 'i43', 'v', 'bvii', '#v', 'bvii', '#v53', 'VII', 'iii', 'VII7', 'iii', 'VII7', 'iii', 'I6', '#i6', 'bVII64', '#ii6', '#ii', 'vi53', 'vi53', 'iii', 'vi53', 'vi', 'III53', 'ii', 'vii', 'ii', 'vi', 'III53', 'ii', '#v43', 'v7', 'I', 'i', 'i', '#ii42', 'iv43', '#v', '#v', 'i42', 'i42', 'IV53', 'IV53', 'I53', 'I53', '#v', '#v', '#v65', '-', 'III', 'vii', 'III', 'vii', 'III', '#iv42', 'vi43', 'vi43', 'vi', '#iv', 'VII7', 'III', 'vi', 'III', 'vi', 'III', 'iv', '#v7', 'I53', 'i7', 'i7', 'I7', '#v', '#i42', 'VII7', 'III64', 'VII', 'VII42', 'I43', 'III65', 'VII', 'VII42', 'I43', '#ii', '#ii', 'vii', 'vii', '#i', '#i', 'vi', 'vi', 'vii', 'vii', 'v', 'v', '#i6', '#i53', '#iv6', '#iv64', 'vii64', 'vii6', '-', '#v43', '-', '#v43', '-', 'bvii', 'v', '#v42', 'v', '#v42', 'v', '#i43', 'i43', 'v', 'bvii', '#v', 'bvii', '#v53', 'VII', 'iii', 'VII7', 'iii', 'VII7', 'iii', 'I6', '#i6', 'bVII64', '#ii6', '#ii', 'vi53', 'vi53', 'iii', 'vi53', 'vi', 'III53', 'ii', 'vii', 'ii', 'vi', 'III53', 'ii', '#v43', 'v7', 'I', 'i', 'i', '#ii42', 'iv43', '#v', '#v', 'i42', 'i42', 'IV53', 'IV53', 'I53', 'I53', '#v', '#v', '#v65', '-', 'III', 'vii', 'III', 'vii', 'III', '#iv42', 'vi43', 'vi43', 'vi', '#iv', 'VII7', 'III', 'vi', 'III', 'vi', 'III', 'iv', '#v7', 'I53', 'i7', 'i7', 'I7', '#v', '#i42', 'VII7', 'III64', 'VII', 'VII42', 'I43', 'III65', 'VII', 'VII42', 'I43', 'I43', 'vi53', 'iii64', 'VII7', 'iii53', 'iii', 'VII53', 'III', 'vi', 'i42', 'iii53', 'i42', 'iii', 'iii53']"
20,d557.mid,../Data/Classic/Franz Shubert/d557.mid,A- major,"['iii', 'iii64', 'v', 'iii64', 'iii', 'iii64', 'vi', 'V', '#vii6', '#iv', 'iii53', 'iii42', 'vi', '#vii', '#vii43', '#iv65', 'V', 'II53', 'V6', '#vii42', 'V', '#vii42', 'VI7', '#iv7', 'v43', 'v', 'II53', 'V64', 'iii6', 'V', '#i6', 'VI7', '#vii43', '#vi', 'V64', 'v', '#vii65', 'V', 'V', 'iii', 'iii64', 'v', 'iii64', 'iii', 'iii64', 'vi', 'V', '#vii6', '#iv', 'iii53', 'iii42', 'vi', '#vii', '#vii43', '#iv65', 'V', 'II53', 'V6', '#vii42', 'V', '#vii42', 'VI7', '#iv7', 'v43', 'v', 'II53', 'V64', 'iii6', 'V', '#i6', 'VI7', '#vii43', '#vi', 'V64', 'v', '#vii65', 'V', 'V', 'V6', 'vii42', 'iii6', '#iv', 'vi43', '#vii', '#iii42', 'vi', 'v', 'vi', 'v', '#vii42', 'v', '#V', '#iii65', 'iii6', '#iii65', 'iii6', '#vii65', 'vii7', '#ii', 'iii64', '#iii65', 'iii', 'iii64', 'v', 'iii64', 'iii', 'iii64', 'vi', 'V', 'iii6', 'iii', '#vii', 'vi', 'vi42', 'ii', '#iii', '#iii65', 'iii7', '#iii42', 'iii7', '#iii42', '#vii6', 'vii7', '#iii', 'v53', 'V53', 'iii6', 'v', 'iii', '#vii42', '#vii42', '#iii43', '#ii', 'iii6', '#iii42', '#iii42', 'iii64', 'iii64']"
21,kv310.mid,../Data/Classic/Wolfgang Amadeus Mozart/kv310.mid,a minor,"['-', 'i53', 'V', 'i53', 'ii42', 'i53', 'VII53', 'III42', 'ii', 'i53', 'ii42', 'i53', 'III43', 'i43', 'iv', 'VII53', 'iii64', 'bV65', 'iii64', 'bV65', 'bV43', 'v7', 'v7', 'iv7', 'iv42', 'i43', 'ii', 'III', 'i', 'III', 'iv65', 'v42', 'III', '#vi', 'III65', 'VI42', 'III', 'i42', 'i42', 'i', 'ii', 'iv42', 'i42', 'VII', 'i53', 'VII53', 'III53', 'III', 'iv42', 'III', 'III', 'III', 'III53', 'III7', 'bv', 'i', 'v', 'i', 'bv', 'VI42', 'iii', 'bv7', 'I42', 'i42', 'VI', 'V65', 'III42', 'ii42', 'i42', 'III', 'i42', 'V53', 'i53', '#vii42', 'III65', 'i53', 'ii42', 'i53', 'ii42', 'i6', 'ii', 'III42', 'i', 'i', 'v', 'VI', 'v', 'iv', 'i', 'iv', 'iv', 'v', 'i64', 'III65', 'i64', 'III65', 'III43', 'v', 'III7', 'ii7', 'i', 'VI43', 'iv', 'bII', 'VI42', 'III65', 'i6', 'ii64', 'ii', 'VI65', 'iv', 'VI43', 'ii', 'VI42', 'VI42', 'i6', 'ii42', 'III42', '#vii43', '#vi43', 'i64', 'VI', 'ii65', 'VI53', 'VI42', 'i']"
22,kv330.mid,../Data/Classic/Wolfgang Amadeus Mozart/kv330.mid,C major,"['-', '-', 'I53', 'I53', 'I', 'I53', 'I53', 'I', 'I', 'iv43', 'iv', 'I53', 'I53', 'I64', 'i', 'I53', 'IV53', 'iv', 'I53', 'vi65', 'iii65', 'I7', 'iii', 'IV', 'vi', 'vi42', 'iv', 'I', 'IV6', 'iii', 'vi65', 'iii', 'V53', 'V', 'bIII', 'I64', '#iv53', 'II6', 'V53', 'v', 'VI42', 'biii43', 'I64', 'II65', 'II65', 'V', 'V6', 'I53', 'i42', 'V', 'I53', 'I53', '#iv42', 'iii42', '#iv42', 'I7', 'vi65', 'I42', 'V', 'V', 'V65', 'I42', 'vii42', 'II65', 'I', 'i', 'V64', 'iii', 'i42', 'vii42', 'ii42', 'biii', 'ii42', 'II7', 'vi42', 'i43', 'I64', 'V', 'V', 'V42', 'V6', 'V6', 'vi42', 'iii42', 'V', 'i', 'V', 'V65', 'V', 'vii43', 'vii', 'V6', 'ii', 'II7', 'V', 'v', 'I42', 'vii42', 'V53', 'V64', 'II65', 'V', 'V', 'v', 'iii65', 'V42', 'I', 'vi', 'I7', 'II42', 'I', 'i', 'i', 'V', 'vii6', 'V', 'i43', 'V7', 'iii65', 'V53', 'V7', '#v7', '#v53', '#v43', 'ii', 'I', 'vi53', 'IV', 'v', 'IV53', 'ii6', 'ii', 'vi43', 'II', 'V43', 'I', 'i53', 'biii', '#v42', '#iv7', '#iv', 'V', 'iv', 'i', 'i', 'iii', 'bIII65', 'V', '#i', 'v7', 'v7', 'v7', 'iii65', 'vii42', 'I42', 'II', 'I53', 'ii42', 'I', 'I53', 'I', 'I', 'I', 'IV64', 'iv', 'I53', 'I53', 'I64', 'iv43', 'iii', 'IV43', 'iv', 'I7', 'vi65', 'iii65', 'I42', 'iii', 'IV', 'I7', 'i', 'iv', 'ii42', 'I42', 'iii', 'I7', 'vi42', 'iii65', 'V6', 'V', 'i', 'I64', '#iv', 'II65', 'V42', 'ii', 'I', 'I53', 'IV64', 'V65', 'V65', 'I', 'I65', 'IV53', 'IV7', 'I', 'IV53', 'IV53', 'I', 'I42', '#v7', 'IV65', 'IV', 'ii42', 'I', 'V7', 'i', 'vi', 'iii42', 'iii', 'iii', 'IV', '#iv7', 'I64', 'V', 'ii', 'iv42', 'v42', 'vi42', 'ii', 'iv', 'I', 'I', 'IV', 'iv', 'iii', 'iv', 'I53', 'I53', 'IV', 'I43', 'I', 'V', 'I53', 'IV', 'iv', 'iv', 'I6', 'i', 'I64', 'IV', 'i43', 'I6', 'I64', 'ii', 'i', 'I53', 'vi42', 'iii42', 'I', 'IV', 'I7', 'iv', 'ii42', 'I7', 'vi', 'IV43', 'iv43', '#v', 'ii42', 'i7', 'i', 'I53']"
23,kv331.mid,../Data/Classic/Wolfgang Amadeus Mozart/kv331.mid,A major,"['-', '-', '-', 'I53', 'V6', 'v43', 'vi7', 'iii43', 'I', 'I', 'iii7', 'V65', 'vi7', 'I', 'I64', 'I53', 'I53', 'IV64', 'IV43', 'iii', 'I53', 'I64', 'I', 'iii7', 'v43', 'IV', 'I', 'I64', 'V', 'I53', 'I64', 'I', 'I', 'iii', 'v7', 'ii', 'iii6', 'I53', 'iii65', 'vi', 'I64', 'I', 'iv', 'I53', 'v43', 'I64', 'iii', 'V6', 'I', 'V', 'I53', 'i', 'I53', 'iii', 'iii', 'i', 'I', 'I53', 'iii65', 'ii', 'I64', 'I53', 'IV64', 'I53', 'v43', 'I64', 'I64', 'iii65', 'bv7', 'iv43', 'ii42', 'I64', 'i', 'i', 'i53', 'i53', 'i', 'i', 'v43', 'i', 'i64', 'i', 'v', 'i', 'i', 'bVI7', 'vi42', 'i', 'i', 'iv', 'bVI', 'i', 'ii42', 'bIII7', 'biii', 'i', 'i', 'iv', 'i', 'i53', 'bIII7', 'vi42', 'i7', 'i42', 'iv65', 'bIII', 'i', 'i', 'I64', 'V53', 'I', 'V', 'iii65', 'I', 'iii65', 'I64', 'I', 'I64', 'i', 'IV42', 'IV64', 'iii', 'I', 'I', 'I64', 'iii65', 'i', 'I64', 'I64', 'V53', 'I64', 'IV43', 'V53', 'i', 'I53', 'I53', 'IV', 'I53', 'bv', 'v', 'v43', 'vi7', 'vi', 'V', 'I', 'ii', 'i43', 'I', 'I', 'vii42', 'iii65', 'V', 'ii', 'ii', 'vi7', 'I42', 'ii65', 'I64', 'ii', 'ii42', 'I', 'i7', 'vi', 'IV53', 'IV64', 'IV64', 'iv43', 'v', 'I53', 'IV', 'v43', 'I53', 'V', 'I64', 'V53', 'I53', 'I', 'vi43', 'I53', 'bv', 'i', 'iii6', 'vi7', 'I42', 'ii65', 'I64', 'ii', 'V', 'V', 'I53', 'iv43', 'I', 'I', 'I64', 'V7', 'V42', 'I53', 'I53', 'I', 'iii65', 'iii64', 'I64', 'vii', 'I', 'i', 'bVI', 'i', 'V42', 'iii42', 'I', 'iv', 'I', 'iii', 'vi43', 'IV', 'bIII', 'I', 'I', 'V', 'V', 'I53']"
24,fminorop21.mid,../Data/Romantic/Fredric Chopin/fminorop21.mid,f minor,"['i', 'iv', '#ii7', 'i', 'ii', 'ii', '#v42', '#ii7', 'i', '#ii65', 'iv', 'i', 'v7', '#iv53', 'vii', 'vii', '#v', '#vii53', '#v43', '#i42', 'iv', '#ii7', 'vii', '#iv', 'v', '#ii65', '#v42', 'iv', 'iv', 'iv', 'iv', 'v43', 'V53', '#v', 'vii6', '#v', '#v43', 'i', '#v', 'v65', 'VII53', 'v6', 'v', '#ii', 'I65', '#ii7', 'ii', 'v', '#ii', '#v42', '#v', '#v', 'v65', 'v', 'iv', 'v53', 'v42', 'i', 'ii65', 'iv', 'i', 'ii', 'ii65', 'ii', 'ii65', 'ii65', 'ii65', 'i', 'i', 'IV', 'i', 'i', '#v7', 'ii', '#v65', 'iv', 'i', 'i', 'V', 'V', 'V53', 'i', 'iv', 'iv', 'iv', 'V', 'V', 'V42', 'i7', 'i', 'v6', '#vi7', 'v7', '#v', '#v6', '#ii65', '#ii43', '#iv6', 'i', 'ii42', 'i', 'i', '#v65', 'i', '#v65', 'iv', '#ii42', '#ii42', 'i', 'i', '#ii7', 'ii7', 'ii7', 'v64', 'vii43', '#iii43', 'VII', 'vii53', 'vii53', 'VII53', 'VII53', 'VII53', 'i', '#v', 'v', 'v65', 'v', 'V', 'vii', '#vii', 'i7', 'iv', 'i', 'vii', '#v7', '#v65', 'vii', 'v', 'vii', 'I65', '#v43', '#v7', 'v', '#ii43', '#ii', 'vii', '#ii42', 'v', 'i', '#vi65', 'II7', 'v', '#ii65', 'v', '#v', 'i', '#vi42', 'v64', 'i', 'v64', 'II7', 'v53', 'II7', 'v64', 'VI', 'i', 'v', 'ii', '#vi53', '#iii53', '#vii64', '#vi64', 'II7', 'v64', 'VII53', 'v64', 'v', 'VII53', 'i', '#ii', 'i42', '#v', 'VII53', 'v42', 'v42', 'v7', 'i', '#ii65', 'i', '#iii53', 'v', 'v64', 'v64', 'v64', 'VII', 'II7', 'II42', 'v53', '#vi42', 'ii', 'i', 'v7', 'v53', 'ii42', 'v', 'v', 'v', 'V53', 'v', 'ii', '#ii42', 'i', 'v64', 'v64', 'v64', 'v64', 'vii', 'v43', 'iv', 'iv', 'iv', '#v65', 'VII53', 'VII53', 'VII53', 'VII53', 'VII7', 'v53', 'v42', '#ii42', 'VII53', '#v7', '#i', 'I53', 'iv', 'v65', 'iv', 'V42', 'iv', 'I43', 'I53', '#i64', '#i43', '#v42', 'iv', '#v42', '#vii64', '#v7', 'i43', 'v64', '#i42', 'iv', '#iv', 'i43', '#v7', '#v65', 'VI53', 'ii', 'II', 'v6', '#ii', '#ii42', 'V', 'i', '#ii65', '#ii65', '#v42', '#i', '#ii43', '#ii', 'i', 'i', 'v', '#ii65', '#ii65', 'i', 'v', 'i', 'v', 'V64', 'i', '#v', 'v', 'ii65', 'v', 'v7', 'v42', 'i', 'iv', 'i42', 'vii', '#v65', 'v', 'v65', 'v42', '#v', 'VII42', '#vii', '#i', 'iv', '#v42', 'v64', 'VII53', '#v53', '#v65', 'vii53', 'v43', 'vii', 'I65', '#v43', 'v64', 'v53', '#v7', 'v6', 'vii', 'v6', 'i', 'v', 'ii65', '#v', '#v', 'v', '#ii', '#v7', 'V65', 'V7', 'i', 'ii7', 'V7', '#ii42', '#ii7', 'V7', 'II7', 'V7', 'i', 'v53', 'ii53', '#vi', '#iii53', 'v', 'V7', 'i', 'v64', 'i', 'i', 'v64', 'iv', 'vii', 'v42', 'ii7', 'v64', 'v64', '#v65', 'v42', 'iv', 'iv', 'i', 'V42', '#ii', '#iv', 'v7', 'iv', 'i', 'i', 'iv', 'i', 'i', 'i', 'v', 'V7', 'V7', '#vii', '#ii7', '#ii7', '#ii7', '#ii42', '#ii', 'i', 'i', 'i', 'v', 'i', 'i', 'i']"
25,gsharpminorop25.mid,../Data/Romantic/Fredric Chopin/gsharpminorop25.mid,A- major,"['iii6', 'iii6', 'iii6', 'v', '#iii65', 'iii6', 'vi', 'vi', 'vi', 'v', '#vii65', 'v', '#iii43', 'iii6', 'iii6', '#iii43', '#iii65', 'iii64', '#V', 'vi', 'iii', '#v42', 'VII53', 'iii', 'iii', 'iii7', 'vi', '#iii65', '#iii65', 'iii64', 'iii64', '#ii6', 'vi', '#V53', '#vii53', '#i', '#iv', '#I64', 'ii', '#vii7', 'iii6', 'V', 'V53', 'vi', 'ii', '#iii65', 'iii', '#i64', '#i64', 'v', 'iii', 'II', '#iii42', '#iii64', 'iii6', '#iii65', '#iii65', 'iii6', '#iii65', '#iii65', 'iii6', 'v', 'v', 'iii6', 'iii6', 'iii64', 'iii53', 'iii64', 'iii6', 'iii6', 'iii6', 'v', '#iv7', 'v65', 'iii']"
26,no1eminorop11.mid,../Data/Romantic/Fredric Chopin/no1eminorop11.mid,e minor,"['-', 'v', 'i53', 'i', '#iii65', 'bii42', 'i', 'III65', 'i', 'i', 'i53', 'i', 'iv64', 'i', 'i', 'vii42', 'bI', 'i', '#vi7', '#vi42', 'i53', '#vi42', 'i', '#vi7', '#vi7', 'i53', 'iv7', '#vi7', '#vi65', 'VI', 'iv', 'VI', 'bi', 'i6', 'i6', 'i', 'VI65', 'ii', 'iv53', 'ii53', 'iv7', 'iv', 'i53', 'iv42', 'VI64', 'i', 'vii', '#iii7', 'iv6', 'i7', 'VI', 'i', 'v7', 'bi', 'i64', '#vi42', 'ii42', 'bi', 'i', 'bi', 'i', 'bi', 'ii42', 'iv', 'iv', 'ii', 'ii43', 'bi', 'ii42', 'iv', 'IV53', 'iv7', '#vi', 'ii7', 'ii42', 'iv43', 'IV53', 'ii65', 'i', '#iii', 'v', 'I53', 'bi', '#vi42', 'I', 'iv', 'ii', 'ii65', 'bi', 'I53', '#iii', 'I', 'I', 'bi', '#vi42', '#iii', 'I53', 'bi', 'i', 'bi', 'i', 'bI', '#vi42', 'i', 'bi', 'bi', 'v', '#vi42', 'i', 'iv', '#iii65', 'I6', 'I53', 'bi', 'bi', '#vi42', 'iv', 'i', 'i', 'ii65', 'ii42', 'I', '#vi', 'bi', 'bi', '#vi', 'i', 'VI64', 'iii7', 'i', 'i', 'i', 'i', 'i', 'i', 'i', 'i', 'i', 'iv53', 'i64', 'III', 'III65', 'VI64', 'iii7', 'VI6', 'i', 'VI6', 'i', 'i', 'i', 'i', 'VI53', 'i64', 'v', 'i53', 'v', 'iv', 'i', 'i', 'I7', 'iv43', 'iv', 'iv43', 'III', 'v', 'vii7', 'iv', 'i', 'ii', 'i42', 'ii65', 'ii', 'VI42', 'ii7', 'ii7', 'i', 'iv43', 'iv', 'iv', 'ii65', 'bI64', 'bI64', 'bI', 'iv', 'i53', 'bi', 'i53', 'III6', 'III', 'ii', 'v7', 'vii', 'I65', 'I65', 'iv', 'ii64', 'ii7', 'iv42', 'iv', 'iv65', 'VI7', 'ii', 'iv53', 'i', 'i', 'i', 'i53', 'i6', 'i6', 'i', 'i6', 'ii7', 'ii7', 'ii7', 'ii7', 'ii7', 'ii', 'iv', 'i', 'ii7', 'iv64', 'iv64', 'ii42', 'bi', 'i', 'v', 'VI7', 'bi', 'I43', 'iv', 'ii65', 'bi', 'ii7', 'i53', 'i6', 'i6', 'i', 'i53', 'iv64', 'iv', 'ii42', 'bi', 'I65', 'bII6', 'i64', 'bI64', 'iv', 'i53', 'i53', 'i53', '#vi42', 'i53', 'i53', 'VI65', 'v64', 'ii', 'v53', 'III65', 'v53', 'v', 'v', 'v', 'i', 'ii', 'ii7', '#vi65', '#vi65', '#vi', '#iii', '#vi', 'VI64', 'ii65', 'ii', 'ii7', 'ii64', 'VI53', 'i', 'i64', 'i64', 'i64', 'i', 'VI53', 'i6', 'vi42', 'vi42', 'v', '#vi42', 'i', 'ii64', 'v', 'ii6', 'ii65', 'ii7', 'ii7', 'ii42', 'ii43', 'iv', 'iv', 'iv', '#iii', 'I', 'IV', 'I53', 'I', '#vi42', 'bi', 'IV53', '#iii42', 'I', 'ii65', 'bi', 'ii7', 'I53', '#iii65', 'IV', '#iii65', 'bi6', 'bi', 'ii65', 'bi', 'ii42', 'v7', 'I53', 'I53', 'bi', 'v', 'i', 'i', 'bi', 'bi', 'v', '#vi42', '#vi42', 'v7', 'I53', 'ii42', 'I53', 'I53', 'bi64', 'IV42', 'bi', 'i64', 'iv', 'ii65', 'vi', 'ii65', 'ii65', 'vi', 'ii65', 'ii65', 'bi', 'ii65', 'I', 'IV42', 'IV6', 'ii7', 'bi', '#vi53', 'ii43', 'I64', 'bi', 'IV65', 'ii42', 'ii65', 'vi', '#vi53', '#vi42', '#vi42', 'i6', 'i', 'VI53', 'i', 'I64', 'iv', 'I64', '#vi6', 'I', 'iv', 'bi', '#vi42', 'I', '#vi42', 'I6', 'i', '#iii65', 'i', 'v', 'v', 'iv', 'iv', '#iii', 'bI', '#vi42', 'I64', '#iii65', 'iv43', 'bi', 'I', '#vi42', 'I', 'v7', 'v', 'i', '#iii65', '#vi43', 'ii43', 'v42', 'vi6', '#vi42', '#vi42', 'v7', 'v', 'bi6', '#iii65', 'VI53', '#vi53', 'v7', 'v7', 'bi', 'III', 'v', 'ii42', 'i', 'v', 'i', 'III65', '#iii', 'v7', 'bi', 'ii7', '#iii42', 'ii', '#iii65', 'VI42', 'bi', 'i64', 'iv64', 'iv', 'v', 'iii42', 'i', '#iii', '#iii', 'bII', 'iv', 'v', 'ii65', 'ii6', 'bi', 'ii7', 'iii', 'v', 'ii42', 'i', 'i', '#vi53', 'i', '#vi53', 'i', 'bi', 'i', 'v', 'v', 'i', 'i', 'v', 'v', 'i7', 'VI42', 'iv', 'iv42', 'i42', 'iv53', 'VI64', 'i53', 'v7', 'i', 'iv53', 'iv', 'VI53', 'VI6', 'i', 'vii6', 'vii6', 'vii6', 'iii', 'iii', 'III7', 'III7', 'VI53', 'VI64', 'VI64', 'VI', 'VI53', 'VI53', 'vii42', 'vii42', 'vii6', 'vii6', 'III65', 'III65', 'VI53', 'VI53', 'vii', 'iv53', 'iv64', 'iv64', 'I65', 'I65', 'VI65', '#vi43', '#vi43', '#vi43', '#vi7', 'vii', 'vii', 'bV64', 'v', '#iii43', 'iv', 'bv43', 'bV', 'v', 'III6', 'III6', 'bII43', 'bII7', 'v7', 'i7', 'iv', 'bII', 'bII', 'bII', 'VI65', 'I', 'v7', 'I', 'I53', '#iii43', '#iii65', 'v6', 'v65', 'I42', 'bi', 'v', 'v', 'iv42', '#vi53', 'bi', 'bv', 'ii42', 'i', 'bi', 'ii65', 'ii42', 'ii42', 'vi', '#vi', '#vi7', 'i', 'i', '#vi', 'bi', 'bi', 'ii7', 'bi', 'v42', 'ii7', 'ii7', 'vi65', 'bi', 'bi', 'VI65', 'v', 'ii', 'ii', '#vi', 'I', 'bV', 'bv', '#vi42', '#vi7', 'bv', 'ii', 'ii', '#vi53', 'bi53', 'I53', 'i', 'i', 'v53', 'ii64', 'VII53', 'VII', 'I65', 'v', 'VI65', 'III', 'III53', 'i', 'i6', '#vi', 'v53', '#vi7', 'ii', 'ii', 'ii42', 'ii', 'ii', 'ii', 'ii', 'VI53', 'i', 'i', 'i64', 'bi', 'VI42', 'v', 'v', 'v7', 'ii7', 'ii43', 'ii42', 'ii53', 'bII', 'ii7', 'ii', 'vi42', 'i53', 'i', '#iii65', 'bii42', 'i', 'III65', 'i', 'i', 'i53', 'i', 'iv64', 'i', 'i', 'vii42', 'bI', 'i', '#vi7', '#vi42', 'i53', '#vi42', 'i', '#vi7', '#vi7', 'i53', 'iv7', '#vi7', '#vi65', 'VI', 'iv', 'VI', 'bi', 'i6', 'i6', 'i6', 'i', 'i6', 'ii7', 'ii7', 'ii7', 'ii7', 'iv', 'iv', 'i53', 'VI43', 'ii42', 'iv64', 'ii42', 'ii42', 'i53', 'VI7', 'VI7', 'bi', 'I43', 'iv53', 'i', 'bI', 'i53', 'i6', 'i6', 'i6', 'i53', 'I7', 'iv64', 'ii42', 'i53', 'i6', 'I65', 'bII6', 'bII6', 'III', 'iv', 'i', 'i53', 'i53', 'iv', 'i', 'i53', 'VI65', 'v64', 'v', 'v53', 'v53', 'VII65', '#iii42', 'v53', 'i43', 'ii', 'ii', 'i53', '#vi65', '#vi43', 'III', '#vi', 'VI64', 'ii43', 'ii', 'ii7', 'VII42', 'i43', 'ii', 'i', 'IV7', 'vii', 'bV', '#iii', '#iii64', 'VII', 'iv43', 'VII53', 'iv65', 'iv65', 'ii7', 'iv42', 'ii42', 'vii7', 'VII53', 'VII53', 'VII53', 'vii', 'vii', 'iii', 'III53', 'vi', 'III', 'III', 'VII', 'VII', 'i', 'VII43', 'III', 'ii', 'bi', 'iv7', 'III53', 'VI', 'III', 'iii', 'VII53', 'vii42', 'III', 'v42', 'III7', 'VII7', 'III', 'iii43', 'VII53', 'vii', '#vi7', 'i64', 'VII53', 'VII53', 'VII6', '#vi', '#vi7', 'VII53', 'III53', 'III', 'VII7', 'III53', 'VII', 'VII', 'VI53', 'III53', 'iv53', 'iv53', 'i64', 'i42', 'iv', 'ii43', 'VII42', 'III65', 'i43', 'ii65', 'ii65', 'ii65', 'ii42', 'i53', 'i', 'ii42', 'bII42', 'bII64', 'VI7', 'VI7', 'i64', 'i6', 'ii42', 'iv', 'VI42', 'v', 'bi', 'ii7', 'i53', 'i53', 'ii7', 'bi', 'i53', 'i53', 'ii7', 'vi42', 'VII', 'v6', 'v6', 'vii42', 'v', 'i6', '#vi7', 'i', 'i', 'v6', 'v64', '#vi7', 'bv', 'v53', 'VII', 'ii65', 'vi42', 'v42', 'iv6', 'ii', 'ii7', 'v7', 'v6', 'v', '#vi7', 'ii43', 'iii53', 'vi6', 'bi6', '#vi6', 'bII42', 'v53', 'i', '#vi42', 'i', 'i53', 'i', 'i', 'bI', 'VII', 'v43', 'III', 'III65', 'v', 'iv', 'iv', 'v']"
27,op10no3.mid,../Data/Romantic/Fredric Chopin/op10no3.mid,E major,"['I53', 'i', 'bi', 'bi', 'bi64', 'I', 'I', 'vi42', 'v7', 'bi', 'vi42', 'bi', 'IV', 'I53', 'I7', 'iv', 'IV53', 'ii65', 'i', 'vi7', 'bi', 'bi', 'I', 'iv', 'bi', 'iii', 'I64', 'I53', 'I', 'vi42', 'I53', 'i', 'bi', 'vi42', 'i', 'vi65', 'iv', 'bvi', 'bi', 'vi53', 'i', 'i', 'I64', 'I64', 'vi43', 'bi', 'vi53', 'vi', 'bi6', 'iv', 'I53', 'I53', 'I53', 'I', 'I', 'bi', 'vi42', 'I', 'bi', 'I', 'ii', 'I', 'IV65', 'ii', 'vi', 'ii42', 'iv', 'i43', 'iv53', 'I7', 'vi42', 'vi', 'ii43', 'v53', 'ii7', 'ii65', 'ii', 'vi65', 'bi7', 'iii42', 'i', 'i', 'i', 'v', 'bvi', 'bvi', 'iii42', 'bvi', 'i53', 'bv', 'bi', 'I7', 'ii43', 'I53', 'ii', 'vi42', 'iii65', 'vi42', 'bi', 'bI64', 'vi', 'ii7', 'i', 'vi42', 'I', 'bi', 'ii', 'ii65', 'bi', 'I53', 'I53', 'vi42', 'i', 'bi', 'bi', 'vi42', 'i', 'i', 'vi6', 'iv42', 'I6', 'vi53', 'vi7', 'i', 'I', 'I64', 'I', 'ii7', 'vi', 'vi', 'bi6', 'iv', 'iv', 'bVI6', 'bVI', 'I53', 'bVI', 'I53', 'I53', 'I53', 'I', 'i', 'I64', 'I64']"
28,diesiraerequiem.mid,../Data/Romantic/Giuseppe Verdi/diesiraerequiem.mid,g minor,"['-', 'i', 'i', 'i', '#vi', 'i7', 'i7', 'i7', 'iv', 'i', 'III', 'i', 'i', 'i', '#vi', 'i7', 'i7', 'i7', 'iv', 'i', 'III', 'v', 'v', 'III', 'II', 'v', 'v', 'III', 'II', 'III42', 'v', '#iii', 'iv', 'ii', 'iii', 'i', 'vi6', 'VI6', 'VI', 'iv53', 'iv', 'iv', 'iv', 'VI6', '#vii', 'I53', 'I', 'I', '#i', 'i', 'V', 'V', 'vi42', 'i7', 'I', 'I', 'i', 'I', 'i43', 'i', 'vi42', 'i7', 'I7', 'iv64', 'I7', 'iv7', 'IV7', 'vii', 'IV7', 'vii7', 'VII7', 'iii', 'VII7', '#i65', '#i', 'iii', 'iii', 'vi', '#i', 'iii', 'iii', 'vi', 'iv7', 'iv', 'iv', 'vii', 'v7', 'III', 'v', 'iv6', 'iv6', 'iv6', 'vi', 'vi', 'vi', '#vii42', '#vii42', '#vii42', 'vi', '#vii42', '#vii42', '#vii42', 'vi', 'VI53', 'VI53', 'vi', '#vii42', 'Ger43', 'Ger43', 'Ger43', 'VI53', 'vi53', 'vi53', 'vi53', 'vi53', 'vi', 'vi', 'VI53', 'VI', 'vi53', 'vi53', 'vi53', 'vi53', 'vi', 'vi', 'VI53', 'VI53', 'VI53', 'vi', 'vi', 'vi', 'VI53', 'vi', 'vi', 'vi', 'VI53', '#iv64', '#iv', 'II53', 'ii', 'ii7', 'ii42', 'ii7', 'ii7', 'ii42', 'ii7', 'VII', 'v', 'iv', 'iv', '#vii42', '#vii65', '-', 'v43', '-', 'ii', '-', 'ii', '#iii42', 'ii', 'ii', 'ii', 'ii', '#vii', 'II65', 'ii', 'ii', '#vii', 'II65', 'ii', 'III7', 'i', 'v', 'III6', '#vi42', 'III7', 'VII65', 'v53', 'V53', 'V53', 'V53', 'V53', 'v', '#iv7', '#iv7', '#iii', '#iii53', 'iii', '#vi6', 'ii', '#vii', 'V', 'I64', 'V53', 'i', '#vi42', 'II', 'v53', 'v', 'III7', 'i', 'v', 'III6', '#vi42', 'III7', 'VII65', 'III', 'iv7', 'III', 'III', 'v42', 'v', '#i64', 'v42', 'V53', 'V53', '#i43', '#vi42', 'v53', '#vi7', 'i65', 'i65', 'iii', 'VI53', 'III53', '-', 'III53', '#vi42', 'II7', 'v7', 'V', 'III', 'VI65', 'v', 'v', 'iv42', 'ii42', '#iii42', 'i', 'I', 'I', '#i', 'i', 'V', 'V', 'vi42', 'i7', 'I', 'I', 'i', 'I', 'V', 'i', 'vi42', '#iv53', '#iv53', '#vii43', '#vii43', 'i6', 'I53', 'iv', 'ii42', 'i', 'i', 'i', 'i', 'ii', 'ii', 'V7']"
29,sanctusrequiem.mid,../Data/Romantic/Giuseppe Verdi/sanctusrequiem.mid,F major,"['-', 'v', 'v', 'v', 'V', 'V', 'vii6', 'vii6', 'vii6', 'I53', 'I7', 'V65', 'IV65', 'V53', 'V7', 'II65', 'V', 'I6', 'vii', 'vii53', 'IV6', 'V6', 'V7', 'ii42', 'V', 'I6', 'I65', 'V7', 'IV64', 'V53', 'V42', 'ii7', 'v7', 'I64', 'I', 'vi', 'v7', 'I53', 'I', 'vi', 'v', 'vi64', 'VI7', 'ii43', 'vi', 'III6', 'iii', 'I', 'iii53', 'VII53', 'VII65', 'I6', 'I42', 'IV53', 'IV53', 'bVII', 'II53', 'v53', 'v7', 'v', 'II42', 'v53', 'v7', 'v', 'ii42', 'i', 'v53', 'i', '#i43', 'i', 'i', 'i', 'i7', 'i', 'vii', 'v42', 'v43', 'v', 'V65', 'I53', 'i7', 'IV', 'V', 'IV64', 'IV64', 'V7', 'V7', 'I53', 'i7', 'IV', 'V', 'IV64', 'iii6', 'I53', 'I53', 'V', 'I64', 'V53', 'I64', 'V', 'I64', 'V7', 'V7', 'I53', 'i7', 'IV', 'V', 'i', 'V', 'I6', 'V', 'I64', 'V', 'I64', 'V', 'i', 'IV', 'ii', 'iii43', 'vi53', 'vi64', 'vi64', 'V64', 'I64', 'ii', 'vi', 'V53', 'I53', 'v', 'iii', 'v7', 'I6', 'V', 'v', 'V42', 'V7', 'I53', 'I53', 'I', 'I']"
30,Stringquarteteminor.mid,../Data/Romantic/Giuseppe Verdi/Stringquarteteminor.mid,E major,"['bVI', 'bVI65', 'i', 'bVI65', 'iv', 'ii', 'iv', 'i6', 'i', 'bVI65', 'bVI65', 'bVI65', 'i7', 'ii42', 'iii43', 'iv64', 'ii42', 'iii42', 'ii65', 'bi', 'i', 'v', 'i6', 'iv', 'i', 'iv', 'iv', 'i6', 'bIII42', 'bIII', 'biii', 'bIII64', 'bVI42', 'i', 'i42', 'vi42', 'vi7', 'vi7', 'bv', 'ii', 'iii42', 'vi7', 'i', 'iv', 'ii7', 'I42', 'iii6', 'vi7', 'bi', 'IV', 'i', 'v53', 'bVI42', 'bvi42', 'ii', 'bvi42', 'bIII53', 'bVI', 'bIII6', 'iv7', 'bVII53', 'bVI', 'bIII42', 'I42', 'bIII6', 'bv', 'bii', 'bii', 'iv7', 'bVI53', 'bIII64', 'bIII64', 'bvi6', 'bvi', 'iii42', 'vi42', 'bi53', 'bi53', 'bi6', 'iv53', 'bVI', 'bVI43', 'bVI7', 'vi65', 'vi43', 'vi42', 'bIII', 'bVII43', 'bIII53', 'i', 'bII', 'IV6', 'i6', 'bVII53', 'bIII', 'bVI', 'v42', 'iv53', 'i64', 'biii', 'bVII64', 'bVII64', 'bIII64', 'bVI', 'bVI65', 'bIII7', 'bVI65', 'iv', 'iv53', 'iv', 'bVI6', 'bI', 'iv', 'biii65', 'biii', 'bVII42', 'bIII', 'v', 'iv', 'vi65', 'bvii42', 'IV', 'ii7', 'bvi', 'ii7', 'vi', 'ii43', 'IV42', 'ii', 'vi43', 'vi43', 'IV', 'vi53', 'bi', 'bv', 'bVI53', 'bvi', 'bI', 'bI', 'bI', 'bI', 'vi42', 'vi42', 'ii43', 'v7', 'iv', 'i6', 'bVI43', 'iv43', 'bVI53', 'ii65', 'bIII42', 'i', 'v53', 'bVI42', 'bvi42', 'ii', 'bvi42', 'I53', 'IV', 'I6', 'ii7', 'bi', 'IV', 'I42', 'iii65', 'I6', 'bI53', 'bV53', 'bV53', 'ii7', 'IV53', 'I64', 'I64', 'bVI', 'i', 'bI42', 'bvi43', 'bii', 'bii', 'bii', 'ii53', 'IV43', 'IV43', 'IV7', 'vi7', 'vi43', 'vi42', 'I', 'ii7', 'I53', 'vi6', 'bVII', 'bII', 'vi6', 'bi', 'iv', 'iv', 'iv', 'bVI65', 'i7', 'ii42', 'bVI7', 'bVI7', 'vi7', 'bVI', 'bVI53', 'bVI53', 'i53', 'ii6', 'iv6', 'vi7', 'bIII65', 'IV', 'ii42', 'bvi42', 'bvi42', 'bi', 'ii43', 'i6', '-', 'ii65', 'ii65', 'bVI53', 'ii43', 'bII64', 'bII64', 'biii7', 'bii', 'ii65', 'ii65', 'bVI53', 'ii43', 'bvii7', 'I53', 'IV7', 'IV53', 'bvii6', 'bVI6', 'v', 'bvii64', 'iv53', 'bII', 'iv64', 'bIII64', 'bII', 'bVI53', 'bi', 'bi', 'iv', 'bvi7', 'vi6', 'bIII42', 'i', 'bvi', 'iv', 'bII7', 'bvii53', 'iv53', 'iv', 'bVII', 'iv43', 'I53', 'iii42', 'I53', 'bi53', 'iii', 'vi65', 'bii7', 'iii7', 'bi', 'bi', 'iii65', 'ii43', 'bv', 'vi7', 'ii42', 'ii42', 'bV', 'i', 'vi', 'vi65', 'bv', 'iii7', 'v', 'ii43', 'IV', 'ii', 'bii', 'bv', 'bII7', 'iii7', 'iii42', 'bv', 'ii43', 'bii', 'bi', 'bvi', 'bv', 'bi', 'ii64', 'v', 'ii', 'ii', 'bVII7', 'v53', 'ii6', 'vi6', 'bvi', 'vi42', 'iv42', 'ii', 'iv43', 'vi42', 'iii65', 'vi', 'bi', 'bvi', 'bvi6', 'bvi', 'bvi6', 'bii', 'vi6', 'bi', 'bI', 'iii', 'vi65', 'vi42', 'I', 'ii7', 'ii7', 'ii7', 'IV6', 'bi6', 'ii64', 'vi53', 'bI', 'bi', 'iii42', 'iii', 'iii7', 'i', 'bvi7', 'iii', 'bvi', 'iii42', 'bi', 'bi', 'bi', 'bi', 'ii', 'bVI', 'ii', 'bvi', 'ii', 'bIII', 'bIII', 'bvi', 'bvi', 'bVI53', 'bVI53', 'iv65', 'bii', 'biii7', 'biii7', 'bvi', 'bvi', 'bVI53', 'bVI53', 'bvii7', 'I53', 'IV7', 'IV65', 'bII', 'bVI', 'iii43', 'bII', 'iv7', 'iii42', 'iv43', 'bIII', 'bII', 'i', 'bi64', 'bi64', 'bi64', 'bi', 'vi', 'bIII', 'biii42', 'biii42', 'biii42', 'bvi', 'bi', 'bIII', 'bii', 'iii7', 'iii53', 'bi', 'bii', 'I7', 'iv7', 'bii', 'bVI', 'bIII7', 'bvi', 'iii', 'iv', 'bIII7', 'bvi', 'iii', 'IV65', 'IV43', 'iii', 'bIII7', 'iv42', 'iv42', 'iv42', 'bVI', 'iii', 'iii', 'i', 'i', 'ii', 'ii', 'bIII', 'iv65', 'I64', 'iii65', 'iv43', 'ii', 'i', 'i', 'vi', 'vi', 'iii42', 'i', 'iii42', 'ii', 'iii', 'iii65', 'iii42', 'iii65', 'iii42', 'bvi53', 'bvi6', 'bvi53', 'bvi6', 'bi', 'vi', 'vi', 'bvi6', 'bvi6', 'vi', 'bI', 'bvi6', 'bvi6', 'vi', 'vi', 'bi53', 'vi65', 'bi', 'vi65', 'bi53', 'iii42', 'iii65', 'i', 'iii65', 'iii65', 'I64', 'iii65', 'I53', 'I', 'ii', 'biii42', 'biii', 'iv42', 'i', 'iii65', 'i', 'iii', 'bvi43', 'iii', 'bvi43', 'bvi', 'bvi', 'bvi', 'bvi', 'I', 'I', 'I', 'I', 'iii42', 'biii', 'iii7', 'I', 'iv42', 'I42', 'ii', 'I64', 'I64', 'bi64', 'bi64', 'I53', 'bi', 'i', 'iii65', 'i', 'bi', 'i', 'I64', 'i', 'I53', '-', '-', 'IV6', 'IV6', 'vi', 'ii', 'iv', 'bvii42', 'IV', 'iii', 'IV53', 'IV6', 'I6', 'bVII6', 'bii', 'ii53', 'v6', 'v', 'I53', 'ii7', 'vi', 'I53', 'IV6', 'IV6', 'vi', 'ii', 'iv', 'ii64', 'ii7', 'I65', 'IV6', 'IV6', 'v', 'vi7', 'I', 'ii', 'vi42', 'v42', 'v', 'ii7', 'I53', 'i', 'iii43', 'vi53', 'iv6', 'bvi53', 'I53', 'bV6', 'bv', 'bii', 'ii', 'bii', 'iii7', 'bVII', 'bVII', 'bVII42', 'bii', 'bii', 'bii', 'vi', 'IV43', 'IV65', 'vi', 'ii', 'I', 'ii', 'ii7', 'I65', 'vi42', 'vi', 'iii42', 'bvii65', 'I', 'ii42', 'ii', 'I6', 'iii', 'iii53', 'IV7', 'iii', 'i', 'i', 'ii', 'ii', 'bIII', 'iv65', 'I64', 'iii65', 'iv43', 'ii', 'i', 'i', 'vi', 'vi', 'iii42', 'i', 'iii42', 'ii', 'iii', 'iii65', 'iii42', 'iii65', 'iii42', 'bvi53', 'bvi6', 'bvi53', 'bvi6', 'bi', 'vi', 'vi', 'bvi6', 'bvi6', 'vi', 'bI', 'bvi6', 'bvi6', 'vi', 'vi', 'bi53', 'vi65', 'bi', 'vi65', 'bi53', 'iii42', 'iii65', 'i', 'iii65', 'iii65', 'I64', 'iii65', 'I53', 'I', 'ii', 'biii42', 'biii', 'iv42', 'i', 'iii65', 'i', 'iii', 'bvi43', 'iii', 'bvi43', 'bvi', 'bvi', 'bvi', 'bvi', 'I', 'I', 'I', 'I', 'iii42', 'biii', 'iii7', 'I', 'iv42', 'I42', 'ii', 'I64', 'I64', 'bi64', 'bi64', 'I53', 'bi', 'i', 'iii65', 'i', 'bi', 'i', 'I64', 'i', 'I53', '-', '-', '-', 'ii', 'iii', 'bi', 'bVII65', 'i', 'vi', 'vi', 'iii7', 'iv42', 'I7', 'I', 'iii43', 'I', 'iv65', 'iv42', 'vi7', 'ii', 'iii65', 'I6', 'iii43', 'bi', 'iii42', 'ii7', 'vi', 'bi6', 'bi64', 'iii7', 'ii', 'I', 'bi53', 'iv42', 'I', 'vi', 'bvii7', 'bvii7', 'iii43', 'iv42', 'bvi', 'bvi', 'bvi', 'bVI53', 'bvi42', 'iii', 'bi', 'iv43', 'iv42', 'I', 'I', 'I42', 'bIII65', 'iii', 'I', 'i', 'bII42', 'bvi43', 'vi64', 'IV42', 'IV65', 'iv42', 'I', 'vi', 'IV65', 'I', 'I', 'vi6', 'iii65', 'I65', 'i', 'bi', 'iii6', 'iii42', 'iii65', 'bi', 'bi64', 'I64', 'iv7', 'I42', 'vi', 'IV7', 'bvi', 'iii65', 'I64', 'bi', 'I53', 'I64', 'I6', 'iv7', 'I64', 'I64', 'I', 'vi53', 'i', 'I', 'i', 'vi43', 'I', 'i65', 'bVI64', 'bVI64', 'bVI', 'I', 'bI', 'iii', 'bIII', 'I42', 'I', 'biii', 'ii', 'bVI', 'bII', 'bIII7', 'bVII7', 'bVI42', 'I6', 'iii65', 'iii7', 'iv7', 'ii', 'I7', 'i', 'vi', 'ii', 'iii6', 'iii', 'bi', 'I', 'bI', 'I', 'iii', 'iii', 'iii', 'iii', 'iii', 'iv42', 'I', 'bvi', 'I', 'iii', 'iv42', 'iii7', 'vi43', 'I', 'I', 'I53', 'I53', 'I53', 'I53', 'bi', 'bi', 'I', 'vi', 'vi43', 'vi43', 'vi43', 'bi', 'vi43', 'iii', 'vi', 'vi7', 'bI', 'iii65', 'iv7', 'bVI', 'iii42', 'bVI', 'I', 'vi', 'iii42', 'vi42', 'iii', 'vi42', 'iii', 'vi', 'vi42', 'biii', 'iii65', 'vi7', 'bi', 'bIII42', 'i', 'iii42', 'bi', 'vi64', 'bi', 'bI', 'iii42', 'bi53', 'bii', 'I', 'bvi43', 'vi43', 'vi7', 'bi64', 'bi64', 'vi42', 'vi42', 'bi64', 'I64', 'I', 'I', 'I53', 'vi64', 'vi', 'iii', 'I53', 'I53', 'I53']"
31,fmajorno3.mid,../Data/Romantic/Johannes Brahms/fmajorno3.mid,F major,"['-', 'I53', '#ii65', 'I53', 'i', 'i', '#ii42', 'iii', 'V64', '#ii42', 'I', 'iv', '#v42', 'iii', 'iii', 'i', 'i', 'i', 'vi', 'I64', 'v', 'i', 'v', 'i', 'i', '#i', 'i', 'i', 'v', 'i', 'VII65', 'III', 'vi64', 'I53', 'I6', '#ii', 'vi', 'vi', 'vi', 'iii', 'iii', 'iii', '#i65', 'III53', 'i', 'bvii', 'III53', '#iv', '#iv', 'I6', '#i65', 'I53', '#iv7', 'iii', 'vii7', 'vi43', 'ii', 'vi', 'vi', 'vi', 'vii42', 'iii', 'iii', '#i65', '#i65', 'iii6', 'iii6', 'vi53', '#ii64', 'VII', 'iii', 'iii', 'iii', 'I53', '#ii65', 'I53', 'i', 'i', '#ii42', 'iii', 'V64', '#ii42', 'I', 'iv', '#v42', 'iii', 'iii', 'i', 'i', 'i', 'vi', 'I64', 'v', 'i', 'v', 'i', 'i', '#i', 'i', 'i', 'v', 'i', 'VII65', 'III', 'vi64', 'I53', 'I6', '#ii', 'vi', 'vi', 'vi', 'iii', 'iii', 'iii', '#i65', 'III53', 'i', 'bvii', 'III53', '#iv', '#iv', 'I6', '#i65', 'I53', '#iv7', 'iii', 'vii7', 'vi43', 'ii', 'vi', 'vi', 'vi', 'vii42', 'iii', 'iii', '#i65', '#i65', 'iii6', 'iii6', 'vi53', '#ii64', 'VII', 'iii', 'iii', 'vi', 'iii', 'v53', 'bvii', 'bvii', '#v', '#i42', '#iv', '#ii65', '#v', 'VII', 'iii', 'vii', '#ii42', '#ii7', '#v', '#v', 'iii', 'III53', 'III7', '#i', '#i65', 'II53', 'II53', 'II53', 'v43', 'v43', '#i64', 'VI7', 'bVII53', '#v7', 'ii42', 'IV', 'iv', 'i', '#v42', '#v7', '#v7', 'ii', 'iv', 'bVII53', 'bvii', 'bvii', 'bvii', 'bvii', 'i42', 'i7', 'I', 'I53', 'v', 'i', '#ii65', 'I53', 'i', 'i', '#ii42', 'iii', 'V64', '#ii42', 'I', 'iv', '#v42', 'iii', 'iii', 'i', 'i', 'iv', '#v43', 'iv', '#ii7', 'iv', 'III7', 'VI', 'ii43', 'VI', 'ii7', '#v7', 'vi', 'vi', 'vi', 'vi', 'iv', 'VII6', 'vi42', 'vii64', 'vii43', 'i', 'II7', 'i', 'ii7', '#ii42', 'v', 'ii', 'ii', 'ii', 'ii', 'ii', 'ii', 'vi', 'vi', '#iv65', 'VII42', 'vi64', 'vi', 'ii64', 'III65', 'III', 'vi64', 'vi64', 'vi', '#ii42', 'I64', 'iii6', '#i42', 'vi42', 'V53', 'ii7', 'ii', '#ii', '#v7', '#iv53', '#v53', 'iii7', 'v', 'iv', 'v', 'iv', 'V', 'IV', '#v6', 'i', 'i', 'i', 'i', 'i', 'vi', 'i', 'I53', 'I', '#iv65', '#iv7', 'II6', 'iii', 'V7', 'I53', 'I6', '#ii65', '#ii43', 'I64', 'I64', 'I64', 'I64', 'I64', '-']"
32,seperationvariation1.mid,../Data/Romantic/Johannes Brahms/seperationvariation1.mid,E- major,"['v', 'vi42', 'i', 'ii42', 'v', 'v', 'i', 'vi', 'vi', 'v', 'v', 'vi42', 'i', 'ii42', 'v', 'v', 'i', 'vi', 'vi', 'v', 'v', 'iii42', 'ii', 'i', 'V', 'i', 'ii', 'v', 'v', 'v', 'vi', 'v', 'v', 'v', 'v', 'v', 'V53', 'V53', 'v', 'v', 'v', 'vii65', 'i', 'V', 'i', 'ii', 'v', 'v', 'v', 'vi', 'v', 'v', 'v', 'v', 'v', 'V53', 'V53', 'V53']"
33,seperationvariation2.mid,../Data/Romantic/Johannes Brahms/seperationvariation2.mid,b- minor,"['#v7', '#ii42', '#ii42', 'ii', '#v7', 'v7', '#ii7', '#ii42', '#ii42', '#v7', 'ii', '#ii', '#ii7', 'iv', '#v42', '#ii7', '#ii42', '#vii', '#ii42', '#ii6', '#i', '#v7', 'i', 'i', 'i', 'v', '#v42', 'ii', 'v7', '#III', 'ii', 'iv', 'i', 'i', 'I6', '#ii42', '#ii6', '#i', '#v7', 'i', 'i', 'i', 'v', 'v', '#ii42', 'V7', 'iv', 'iv', 'iv', 'i', 'i', 'I6']"
34,nutcrackermarche.mid,../Data/Romantic/Pyotr Tchaikovsky/nutcrackermarche.mid,e minor,"['-', 'i65', 'i53', 'i65', 'i53', 'ii65', 'III53', 'iv42', 'vii', 'i65', 'i53', 'i65', 'i53', 'iv53', 'v6', 'iv', 'bi', 'bi', 'i', 'iv', 'bi', 'bi', 'i', 'iv', 'VII43', 'i65', 'i53', 'i65', 'i53', 'iv53', 'III53', 'iv42', 'vii', 'i65', 'i53', 'i65', 'i53', 'VI', 'v53', 'vii', 'III53', 'i', 'iv', 'i', 'iv', 'i', 'iv', 'i', 'iv', 'III', 'III', 'III', 'III', 'iv', 'iii', 'III', 'iv', 'III', 'III', 'III', 'III', 'iv', 'v', 'iv', 'v', 'bi', 'i', 'iv', 'bi', 'bi', 'i', 'iv', 'VII43', 'III', 'III', 'III', 'III', 'iv', 'iii', 'III', 'iv', 'III', 'III', 'III', 'III', 'iv', 'v', 'vii', 'III6']"
35,nutcrackerop71.mid,../Data/Romantic/Pyotr Tchaikovsky/nutcrackerop71.mid,e minor,"['-', 'ii42', 'vi', 'ii42', 'vi', 'ii42', 'I7', 'VI65', 'i53', 'iv', 'i', 'ii', 'bi', 'ii42', 'I7', 'VI65', 'i', '#vi42', 'I65', 'VII65', 'bi', 'v', 'v', 'i53', 'v65', 'v', 'v', 'i53', 'v65', 'v', 'v', 'v', 'v', 'ii', 'iv', 'VII', 'ii', 'ii42', 'I7', 'VI65', 'i', 'iv', 'i', 'ii', 'v', 'ii42', 'I7', 'VI65', 'i', '#vi42', 'I65', 'VII65', 'bI6']"
36,nutcrackeroverture.mid,../Data/Romantic/Pyotr Tchaikovsky/nutcrackeroverture.mid,B- major,"['-', 'I53', 'I', 'IV64', '#iv7', 'I53', 'I', 'IV65', 'V65', 'vi65', 'I', 'IV7', 'II7', 'vi65', 'I', 'IV65', 'iii', 'vi64', 'iii53', 'iv', 'I', 'iii42', '#ii', 'iii42', 'V6', 'iv', 'iv', 'iv', 'iv', '#ii65', 'ii6', 'vii42', 'V', 'vi', 'ii42', 'vi42', 'I64', 'vi', 'i', 'vii', 'vi', 'vi7', 'ii6', '#ii43', 'ii43', 'i', '#i', '#iv', 'vii42', '#iv7', 'V53', '#iv7', 'V53', 'VII', 'vii7', 'iii53', 'II64', 'i', 'v', 'i', 'ii', '#iv42', 'vii', '#iv42', 'vii', 'V53', 'iii', 'V53', 'iii', 'vii7', 'iii', 'I', 'vi', 'vi', 'V65', 'vi42', 'v', 'vi7', '#iv', 'V', 'vii', 'V', 'vii', 'II', 'II', 'v43', 'vii', 'V6', 'V53', 'v', 'i', 'ii42', 'iv', '#iv7', 'i', 'i', 'I53', 'iii6', 'vi65', 'I', 'IV6', 'II7', 'vi65', 'I53', 'IV65', 'iii', 'vi64', 'iii53', 'iv', 'I', 'iii42', '#ii', 'iii42', 'V6', 'iv', 'iv', 'iv', 'iv', '#ii65', 'ii6', 'vii42', 'V', 'vi', 'ii42', 'vi42', 'I64', 'vi', 'i', 'vii', 'vi', 'vi7', 'ii', 'vi7', 'V53', 'iv', 'i', 'iv', 'iii42', 'vii7', 'I64', 'vii7', 'I64', 'III', 'iii7', 'vi53', 'V64', 'iv', 'i', 'IV53', 'v', 'vii42', 'iii', 'vii42', 'iii', 'I53', 'vi', 'I53', 'vi', 'iii7', 'vi', 'IV', 'ii', 'III42', 'I', '#iv', '#v', 'ii', 'vii6', 'I', 'vii', '#iv43', 'v7', 'v43', 'v43', 'v43', 'I53', 'I53', 'I53', 'i43', 'i43', 'V', 'I53', 'I53']"
